NOMBRE,DOMICILIO,LOCALIDAD,PROVINCIA,TELEFONO,EMAIL,SITIOWEB,TIPO,AUDIENCIA,ALCANCE,PAUTA,COMENTARIOS
#Locuratripera,"Diagonal 80 N° 815, La Plata",,,,,http://www.eldia.com/locuratripera,Portal,,La Plata,,
#METRO360 La Angostura,,,,,,http://www.metro951.com/,Radio,,,,
#METRO360 Mar del Plata,"Alberdi 445 3ro. A, Torre Manantiales, MDP",,,,,http://www.metro951.com/,Radio,,Mar del Plata,,
#METRO360 Ostende,,,,,,http://www.metro951.com/,Radio,,,,
#Soypincharrata,"Diagonal 80 N° 815, La Plata",,,,,http://www.eldia.com/locuratripera,Portal,,La Plata,,
0223.COM.AR,"Av. Colon Nº 3073 7ºB, Mar del Plata",,,,info@0223.com.ar,0223.COM.AR,Portal,,Nacional,,
10 Libre,,,,,,,Proveedor de Internet Free,,Discontinuado,,
10 Móvil,,,,,,,Servicios WAP/SMS,,Discontinuado,,
10 Música,,,,,,http://www.10musica.com/,Portal,,Discontinuado,,
10 Tango,,,,,,http://www.10tango.com/,Portal,,Discontinuado,,
100% Lucha Revista,Magallanes 1346,,,,editor@magallanesmedia.com.ar,,Revista,,Discontinuado,,
103 Universo,"H. Yrigoyen 2641, Mar del Plata",,,0223-494-7700,,http://www.lu9mardelplata.com.ar/,Radio,,,,
360 TV,"Gorriti 5963, C.A.B.A. Argentina (CP1414)",,,72 11 4556 9200,,http://www.360tvdigital.com/,TV Paga/TDT,,Nacional,"3,008,907.63",
7 Minutos,,,,,,,Portal,,Discontinuado,,
A&#038;E,,,,4328 8804,info@expressnews.com.ar,,TV Paga,,Nacional,,
A&#038;E hd,,,,4328 8804,info@expressnews.com.ar,,TV Paga,,Nacional,,
A24,,,,,,,TV Paga,,,,
Abrazo de Gol,5550-8600,,,cronicaweb@grupocronica.com.ar,"Combate de los Pozos 639, CABA",,Suplemento,,,,
Al Rugby,Paseo Colón 1196,,,,,http://www.alrugby.com/,Portal,,,,
Alfabeto &#038; Sopa,,,,,,,,,Discontinuado,,
Almacén de Premios,,,,,,,,,Discontinuado,,
AM 1020 LRA 58 RÍO MAYO,,,,,,http://www.radionacional.com.ar/category/lra-58-rio-mayo/,Radio,,Chubut,"3,380.00",
AM 1030 RADIO DEL PLATA,"Gorriti 5963, C.A.B.A. Argentina (CP1414)",,,54 11 4556 9200,,https://www.amdelplata.com/,,,Buenos Aires,"8,019,963.50",
AM 1070 RADIO EL MUNDO,"Maipú 1210, piso 8, CABA",,,,,http://www.arteargentina.com/,,,Nacional,"1,317,200.00",
AM 1160 / FM 92.5  LRA 57 RADIO NACIONAL EL BOLSON,,,,,,http://www.radionacional.com.ar/category/lra-57-el-bolson/,Radio,,Rio Negro,"2,960.00",
AM 1230 LT2 Radio 2,,,,03757 420-060,,,Radio,,,"807,504.00",
AM 1260 LT 14 RADIO GENERAL URQUIZA,,,,,,http://www.radionacional.com.ar/category/lt-14-gral-urquiza-parana/,Radio,,Entre Rios,"165,630.00",
AM 1430 Catamarca,,,,,,,,,,,
AM 1440 Santiago del Estero,"Misiones 541, Santiago del Estero",,,(0385) 421-1913,,,,,Sin transmitir,,
AM 1500 Mendoza,,,,,,,,,,,
AM 1560 LT 11 RADIO GRAL. RAMÍREZ. CONCEPCIÓN DEL URUGUAY,,,,,,http://www.radionacional.com.ar/category/lt-11-gral-ramirez-c-del-uruguay/,Radio,,Entre Rios,"64,499.36",
AM 1620,"H. Yrigoyen 2629, Mar del Plata",,,0223-494-1428,,,Radio,,Mar del Plata,,
AM 221 LRK Radio Ciudad Perico,"Dr. Horacio Guzmán 496, Bº Mariano Moreno",,,(0388) 4230035,comercial@radiovisionjujuy.com.ar,,,,Jujuy,,
AM 560 LRA 9 ESQUEL,,,,,,http://www.radionacional.com.ar/category/lra-9-esquel/,Radio,,"Esquel, Chubut","3,360.00",
AM 580 Radio Universidad,Miguel de Mojica 1600,,,4105000,,http://www.cba24n.com.ar/streamam.html,Radio,,Cordoba,"705,934.18",
AM 590 LRA 30 Bariloche,,,,,,http://www.radionacional.com.ar/category/lra-30-bariloche/,Radio,,Rio Negro,"3,552.00",
AM 590 LV12 RADIO INDEPENDENCIA,"Laprida 530 San Miguel De Tucumán, Tucuman",,,0381-4845100,contacto@lv12.com.ar,http://www.lv12.com.ar/,Radio,,Tucumán,"678,288.14",
AM 620 / FM 97.3 &#8211; LV 4 RADIO SAN RAFAEL,,,,,,http://www.radionacional.com.ar/category/lv-4-san-rafael/,Radio,,Mendoza,"160,106.85",
AM 620 LRA 26 Resistencia,,,,,,http://www.radionacional.com.ar/category/lra-26-resistencia/,Radio,,Resistencia,"3,552.00",
AM 630 LS5 Radio Rivadavia,"Arenales 2467, CABA",,,5026 8630,,http://www.rivadavia.com.ar/,Radio,,"CABA, GBA","5,962,223.75",
AM 630 LU 4 RADIO PATAGONIA C. RIVADAVIA,,,,,,http://www.radionacional.com.ar/category/lu-4-patagonia-argentina/,Radio,,Chubut,"76,465.21",
AM 670 LRA 11 COMODORO RIVADAVIA,,,,,,http://www.radionacional.com.ar/category/lra-11-comodoro-rivadavia/,Radio,,"Comodoro Rivadavia, Chubut","16,410.00",
AM 680 LT3,,,,(0341) 52 82 680,,lt3.com.ar/,Radio,,Rosario,"903,962.66",
AM 710 / FM 93.9 &#8211; LRA 17 NACIONAL ZAPALA,,,,,,http://www.radionacional.com.ar/category/lra-17-zapala/,Radio,,Neuquen,"2,600.00",
AM 710 Radio 10,Uriarte 1899,,,,,https://www.minutouno.com/radio10,Radio,,,"5,021,999.80",
AM 730 / FM 88.1 &#8211; LU23 RADIO LAGO ARGENTINO CALAFATE,,,,,,http://www.radionacional.com.ar/category/lu-23-calafate/,Radio,,Santa Cruz,"2,600.00",
AM 730 LRA 27 RADIO NACIONAL CATAMARCA,,,,,,http://www.radionacional.com.ar/category/lra-27-catamarca/,Radio,,Catamarca,"3,760.00",
AM 740 LRA 55 RÍO SENGUER,,,,,,http://www.radionacional.com.ar/category/lra-55-alto-rio-senguer/,Radio,,Chubut,"3,360.00",
AM 750,"Venezuela 370 2do. Piso, CABA",,,,,https://750.am/,Radio,,"CABA, GBA","1,009,643.40",
AM 790 RADIO NACIONAL LRA 1 BUENOS AIRES,,,,,,,,,,"133,702.50",
AM 950 Belgrano,Freire 932,,,4010-7127,info@am950belgrano.com,http://www.am950belgrano.com/,Radio,,Buenos Aires,"2,682,357.20",
AM Sports,"Cochabamba 1153, CABA",,,,info@amsports.com.ar,http://www.amsports.com.ar/,,,,,
Amadeus Cultura Musical,"Bernardo de Irigoyen 972, CABA",,,,,http://www.culturamusical.com.ar/,Radio,,,,
Ámbito Financiero,Paseo Colón 1196,,,,,http://www.ambito.com/,Diario,,,"3,885,471.40",
ambito.com,Paseo Colón 1196,,,,,http://www.ambito.com/,Portal,,,"28,000.00",
América Interior,,,,,,,,,,,
América Internacional,,,,,,,,,,,
América TV,,,,,,,,,,,
American Carlos V Hotel &#038; Casino,"JUAN B. ALBERDI 340, TERMAS DE RÍO HONDO, SANTIAGO DEL ESTERO",,,(03858) 15460212,reservascarlosv@amerian.com,http://ameriancarlosv.com.ar/,Hotel,,,,
ANIMAL PLANET,"Av. del Libertador 101, Vicente López",,,4000 4031,lucas_Puliani@discovery.com,,TV Paga,,Nacional,,
APERTURA,Paseo Colón 746 - 1º (C1063ACU),,,(+54 11) 4121-9300/9344/9241,publicidad@cronista.com,http://www.apertura.com/,Diario/Periódico,29.000 Ejemplares,CABA/GBA,,
Apertura.com,Paseo Colón 746 - 1º (C1063ACU),,,(+54 11) 4121-9300/9344/9241,publicidad@cronista.com,http://www.apertura.com/,Digital,Usuarios  Únicos + de 677.000,Nacional,,
AR,,,,,,,,,,,
Arena Beach,Ruta 11 200 mt. Faro,Mar del Plata,Buenos Aires,,,,Balneario Estival y Eventos,,Mar del Plata,,
Argenprop.com,,,,0810-999-2527,,http://www.argenprop.com,Portal de Clasificados,,,,
ARPEGGIO,Uruguay 459 4to. Piso,,,,,,Radio,,,,
ARQ,"Piedras 1743, CABA",,,,,https://www.clarin.com/arq/,Revista,,,,
ASPEN 102.3,"Av. Dorrego 1782, CABA",,,,aspen@fmaspen.com,https://www.fmaspen.com/,Radio,,,,
Atlántica Latina,"Córdoba 1863/5, Mar del Plata",,,0223-4947825,,http://www.lu6.com.ar/,Radio,,Mar del Plata,,
Atlántida Libros,"Azopardo 565, CABA",,,,,http://www.atlantidalibros.com.ar/,,,,,
Avenida del Mar,"Las Heras 2128, Mar del Plata",,,,,,Apart Hotel,,Mar del Plata,,
AVP,Av. San Juan 141,,,,,,Publicidad Led en Vía Pública,,,,
Axn,,,,,,https://la.axn.com/,TV Paga,,,,
Axn hd,,,,,,https://la.axn.com/,TV Paga,,,,
AXN Latinoamérica,,,,,,https://la.axn.com/,TV Paga,,,,
BA Times,"California 2715, CABA",,,,,http://www.batimes.com.ar/,Portal,,,,
Baby TV,Honduras 5517,,,4103-1100,,https://foxplay.com,TV Paga,,Nacional,,
Bacanal,Freire 948,,,4010-8200,,http://www.bacanal.com.ar/,Revista,,Nacional,,
BAE Negocios,"Combate de los Pozos 639, CABA",,,,,https://www.baenegocios.com/,Diario,,,"5,759,715.18",
"Bailando por un Sueño, Revista",,,,,,,,,Discontinuado,,
Baja Libros,Costa Rica 5639,,,0800 444 1349,info@bajalibros.com,https://www.bajalibros.com/AR,Portal – On Demand de Literatura,,,,
Baja Música,,,,,,www.bajamusica.com/index.html,Portal,,Discontinuado,,
Banco Audiovisual de Contenidos Universales Argentino,,,,,,http://www.bacua.gob.ar/,Fuente de contenido audiovisual,,,,
Bariloche2000.com,,,,,,,,,,,
BIDI,Costa Rica 5639,,,,,https://www.bidi.la/,Portal – Biblioteca Digital,,,,
Biencasero.com,"Piedras 1743, CABA",,,,,http://biencasero.clarin.com/,Portal,,,,
Big Deal,Humboldt 1550,,,,,http://www.bigdeal.com.ar/,Portal de Descuentos,,,,
BIGBANGNEWS.COM,"Humboldt 1493, Palermo",,,5747-9782,dhandera@bigbangnews.com,https://www.bigbangnews.com/,Portal,,,"1,282,500.00",
Bijouterie,Magallanes 1346,,,,editor@magallanesmedia.com.ar,,Revista,,Discontinuado,,
Billboard,Carlos Pellegrini 1672 - Martínez,,,,,http://www.billboard.com.ar/,Revista,,,,
Billiken,"Azopardo 565, CABA",,,,,,Revista,Venta 2.900.000/anual - 13.050.000 Lectores,,,
Blogs de la Gente,,,,,,,,,Discontinuado,,
BLUE 100.7,Freire 932,,,,,http://www.bluefm.com.ar/,Radio,,,"1,503,626.66",
Booma.TV,"Azopardo 565, CABA",,,,,,Web,,Discontinuado,,
Boomerang,"Defensa 599 2ndo piso (1065), CABA",,,011 4318-3100,Carina.Risso@turner.com,http://www.boomerangla.com/,TV Paga,,Todo el país,,
Brando,"Av. Del Libertador 101, Vicente López",,,,,https://www.conexionbrando.com/,Revista,,Todo el pais,,
Brava,,,,,,,,,,,
Brava San Juan,,,,,,,,,,,
Brava San Rafael,,,,,,,,,,,
BSE,Reconquista 353,,,,,https://www.bse.com.ar/,Banco,,,,
Buenas Ideas,Magallanes 1346,,,,editor@magallanesmedia.com.ar,http://www.buenasideas.com.ar/,Revista,,,,
Buenos Aires Herald,Av. San Juan 141,,,,,http://www.buenosairesherald.com/,Diario,,Discontinuado,"227,307.24",
Buscainmueble.com,"Tacuarí 1743, CABA",,,0810-999-2527,,https://www.buscainmueble.com/,Portal de Clasificados,,,,
C5N,"Olleros 3555, CABA",,,,,http://www.c5n.com/,TV Paga/TDT,,,"5,075,439.45",
Cadena 3 Argentina,,,,,,http://www.cadena3.com/,Radio,,Nacional,,
Cadena 3 Buenos Aires,,,,,,http://www.cadena3.com/,Radio,,Buenos Aires,,
Cadena 3 MDP,,,,,,http://www.cadena3.com/,Radio,,Mar del Plata,,
Cadena 3 Mendoza,,,,,,http://www.cadena3.com/,Radio,,Mendoza,,
Cadena 3 Neuquén,,,,,,http://www.cadena3.com/,Radio,,Neuquén,,
Cadena 3 Río Cuarto,,,,,,http://www.cadena3.com/,Radio,,Río Cuarto,,
Cadena 3 Río Gallegos,,,,,,http://www.cadena3.com/,Radio,,Río Gallegos,,
Cadena 3 San Juan,,,,,,http://www.cadena3.com/,Radio,,San Juan,,
Cadena 3 San Luis,,,,,,http://www.cadena3.com/,Radio,,San Luis,,
Cadena 3 Ushuaia,,,,,,http://www.cadena3.com/,Radio,,Ushuaia,,
Cadena Eco Porteña,,,,,,http://www.ecomedios.com/,Radio,,"CABA, GBA",,
CADENA3.COM,,,,0810-810-4444,,http://www.cadena3.com/,Portal,,Nacional,,
Canal (Á),"Cochabamba 1153, CABA",,,,,http://www.canalaonline.com/,TV Paga SD/HD,,,,
Canal 10 Córdoba,Miguel de Mojica 1600,,,4105000,,http://www.cba24n.com.ar/,Television,,Cordoba,"6,071,898.75",
Canal 10 de San Juan,,,,,,,,,,,
Canal 10 Junín,,,,,,,,,,,
Canal 10 Mar del Plata,"Independencia 1163, Mar del Plata",,,,,http://www.canal10mardelplata.tv/,TV Aire/TDT,,,"5,817,918.25",
Canal 10 Río Negro,"25 de Mayo 458, General Roca, Río Negro",,,298-4430505,comunicacion@canal10tv.com.ar,http://www.canal10tv.com.ar/,TV Aire/TDT,,,,
Canal 10 Tucumán,"Aconquija 729, Yerba Buena, Tucumán",,,,,http://canal10tucuman.com.ar/,TV Aire/TDT,,,,
Canal 11 de Bahía Blanca,,,,,,,,,,,
Canal 11 de Mendoza,,,,,,,,,,,
Canal 11 de San Luis,,,,,,,,,,,
Canal 11 del Partido de la Costa,,,,,,,,,,,
Canal 11 Salta,"España 475, Salta",,,,,http://telefe.com/canal11salta/,TV Aire,,Salta,"1,971,240.15",
Canal 12 de Bariloche,,,,,,,,,,,
Canal 12 de Mar del Plata,,,,,,,,,,,
Canal 12 de Neuquén,,,,,,,,,,,
Canal 12 de Trenque Lauquen,,,,,,,Television,,,,
Canal 12 de Tucumán,,,,,,,,,,,
Canal 12 El doce Córdoba,"Av. Fader 3469, Cerro Las Rosas, Córdoba",,,,,http://www.eldoce.tv/,TV Aire/TDT SD/HD,,Cordoba,"6,572,494.25",
Canal 13 de Junín,,,,,,,,,,,
Canal 13 de Rio Gallegos,,,,,,,,,,,
Canal 13 Santa Fé,"Blvd. Galvez 840, Santa Fe Argentina",,,,,http://telefe.com/canal13santafe/,,,Santa Fe,"2,869,459.41",
Canal 14,,,,,,,,,,,
Canal 14,,,,,,,,,,,
Canal 2,,,,,,,,,,,
Canal 2 (MDQ),"Av. Champagnat 2551, Mar del Plata",,,0223-478-4500,,http://www.canal2mdp.com.ar/,TV Aire – TV Paga,,Mar del Plata,,
Canal 2 BTC,,,,,,,,,,,
Canal 2 de San Rafael,,,,,,,,,,,
Canal 24 Horas,Honduras 5517,,,4103-1100,,https://foxplay.com,TV Paga,,Nacional,,
Canal 26,Av Brigadier J.M. de Rosas 2860,,,3977-3268,info@canal26.com.ar,http://www.26noticias.com.ar,Señal TDA 26.1/TV Paga SD/HD,,CABA / GBA,"8,913,657.60",
Canal 3 Rosario,,,,,,,Television,,Santa Fe,"8,424,671.00",
Canal 34 de Río Cuarto,,,,,,,,,,,
Canal 4,AV. OVIDIO LAGOS 502 – 2000 ROSARIO SANTA FE,,,(0341) 4368825,luciana.toloza@corp.express.com.ar,http://www.express.com.ar/rosario/Empresa/medios,,,"Rosario, Salta y Santiago del Estero",,"También estudios en Los Bardos 665, A4410CKA Grand Bourg, Salta y Av.BelgranoSur 623, SantiagodelEstero"
Canal 4 de Córdoba,,,,,,,,,,,
Canal 5 Rosario,"Av. Belgrano 1055, Rosario, Santa Fé",,,,,http://telefe.com/canal5rosario,TV Aire,,Santa Fe,"4,671,453.86",
Canal 6 El Seis Bariloche,"Ruta Nacional 237, Km. 1638, Bariloche, Río Negro",,,,,https://www.bariloche2000.com/,TV Aire/TDT SD,,,"1,112,631.00",
Canal 7 Bahía Blanca,"Blandengues 225, (8000) Bahía Blanca",,,0291 – 4550000,comercial@canalsiete.com.ar,http://www.canalsiete.com.ar/,TV Aire SD/HD,,Bahia Blanca,"2,163,863.00",
Canal 7 de Comodoro Rivadavia,,,,,,,,,,,
Canal 7 de La Rioja,,,,,,,,,,,
Canal 7 Jujuy,"Dr. Horacio Guzmán 496, Bº Mariano Moreno",,,(0388) 4230035,,comercial@radiovisionjujuy.com.ar,,,Jujuy,,
Canal 7 Neuquén,"Riavitz 7, Neuquén",,,,,http://telefe.com/canal7neuquen/,TV Aire,,Neuquen,"1,977,081.55","Pauta recibida para canal y web  (1700508.55+276573)"
Canal 7 Santiago del Estero,Andes 101 (Esq. Córdoba) (G4202BVC) - Santiago del Estero,,,385 421-1400,,http://www.canal7.tv/,Television,,,,
Canal 8 de La Pampa,,,,,,,,,,,
Canal 8 Mar del Plata,"Luro 2907, Mar del Plata",,,,,http://telefe.com/canal8mardelplata/,TV Aire,,Mar del Plata,"2,554,337.23",
Canal 8 San Juan,,,,,,,,,,,
Canal 8 Teleocho Córdoba,"Av. Vélez Sarsfield 4300, Córdoba",,,,,http://telefe.com/canal8cordoba,TV Aire,,Cordoba,"5,451,490.01",
Canal 8 Tucumán,"F. N. Laprida 130, San Miguel de Tucuman",,,,,http://telefe.com/canal8tucuman,TV Aire,,Tucuman,"1,874,381.81",
Canal 9,"Conde 50, CABA",,,3220-9999,mensajes@canal9.com.ar,http://www.elnueve.com.ar,Señal TDA 35.1/TV Aire SD/HD,250000,Todo el país,"29,154,970.00",
Canal 9 Bahía Blanca,"O`Higgins 267, Bahía Blanca",,,,,http://telefe.com/canal9bahiablanca/,TV Aire,,Bahía Blanca,"2,211,839.92",
Canal 9 Comodoro Rivadavia,"H. Yrigoyen 1535 y Rawson 1459, Cdoro Rivadavia, Chubut",,,,,http://www.elpatagonico.com/contenidos/canal-9.html,TV Aire,,,"57,295.22",
Canal 9 de Jujuy,,,,,,,,,,,
Canal 9 Imagen del Noroeste,"Av. Alvear 50, Resistencia, Chaco",,,,,http://www.diario21.tv/,TV Aire/TDT SD/HD,,,,
Canal 9 Interior,"Conde 50, CABA",,,,,http://www.elnueve.com.ar,TV Paga SD/HD,,,"1,629,525.00","Canal 9 Satelital"
Canal 9 Litoral,"25 de Mayo 276, Paraná, Entre Ríos",,,,,http://www.canal9litoral.tv/,TV Aire/TDT SD/HD,,,"4,795,134.50",
Canal 9 Mendoza Televida,"Garibaldi 185, Mendoza",,,,,https://www.elnueve.com/,TV Aire,,,"5,170,925.00",
Canal Deportivo,"Calle 48 1280, La Plata",,,,,,TV Paga,,La Plata,,
Canal Rural,"Honduras 5940, CABA",,,,,http://www.elrural.com/,TV Paga SD,,,"215,200.00",
Cancha Llena,"Av. Del Libertador 101, Vicente López",,,,,http://www.canchallena.com.ar,Portal,,Todo el país,,
Caras,"California 2715, CABA",,,,,http://caras.perfil.com/,Revista,,"CABA, GBA","1,058,841.60",
Caras y Caretas,"Venezuela 370 2do. Piso, CABA",,,,,http://www.carasycaretas.org.ar/,Revista,,"CABA, GBA",,
Carburando,"Tacuarí 1959, CABA",,,,,http://carburando.com/,Productora Audiovisual,,,,
Caro Cuore,,,,,,,,,,,
Caro Uomo,,,,,,,Marca de Indumentaria Femenina,,,,
CARSA,Rivadavia 835,,,,,,Gestión Empresarial,,,,
Cartoon Network,"Defensa 599 2ndo piso (1065), CABA",,,12 4318-3100,Carina.Risso@turner.com,http://www.cartoonnetwork.com.ar/,TV Paga,,Todo el país,,
Casa Viva,"Azopardo 565, CABA",,,,,https://www.casaviva.com.ar/,Revista,,,,
Casas y Pisos,,,,,,,,,,,
Casino del Mar,"Blv. Peralta Ramos 2650, Mar del Plata",,,,,,Sala de Juegos,,Mar del Plata,,
Casinos Del Sol,"Olaechea 451, Santiago del Estero",,,,,http://www.casinosdelsol.com.ar/,Casas de Juegos,,Santiago del Estero,,
Cba24N.com.ar,Miguel de Mojica 1600,,,4105000,,http://www.cba24n.com.ar/,Portal,,Nacional,,
Centro Cultural Caras y Caretas,"Sarmiento 2037, CABA",,,,,http://carasycaretas2037.com.ar/,Centro Cultural,,,,
CIMA,Magallanes 1346,,,,editor@magallanesmedia.com.ar,,Revista,,Discontinuado,,
Cinecanal,Honduras 5517,,,4103-1100,,https://foxplay.com,TV Paga,,Nacional,,
Cinemania (Argentina),Castillo 1366 Edificio 4,,,,,,Revista,,Discontinuado,,
Cinemax,,,,,,,TV Paga,,,,
Cintelba,"Av. Dr. Ricardo Balbín 3311, CABA",,,(11) 4545-4000,,,Venta de Electrodomésticos,,Nacional,,
Citybell Vive,"Diagonal 80 N° 815, La Plata",,,,,http://www.eldia.com/citybell/,Portal,,Discontinuado,,
Ciudad Magazine,"Cochabamba 1153, CABA",,,,,https://www.ciudad.com.ar/,TV Paga SD/HD,,,,
Ciudad X,"Av. La Voz del Interior 6020, Camino a Pajas Blancas, Córdoba",,,,,http://www.ciudadequis.com.ar/,Revista,,,,
Ciudad1.com,Costa Rica 5639,,,,,,Portal,,Discontinuado,,
Clarín,"Piedras 1743, CABA",,,,,https://www.clarin.com/,Diario,8.179.000 usuarios unicos,,"27,988,460.45",
Clarín WEBTV,,,,,,,,,Discontinuado,,
Clarín Zonales,,,,,,,,,Discontinuado,,
Clase Ejecutiva,Paseo Colón 746 - 1º (C1063ACU),,,(+54 11) 4121-9300/9344/9241,publicidad@cronista.com,,Portal,,Discontinuado,,
CLÁSICA,,,,,,http://www.radionacional.com.ar/nacional-clasica/,Radio,,Nacional,,
Clasificados Argentinos,,,,,,,,,Discontinuado,,
Clasificados del Campo,,,,,,,Suplemento,,,,
Clasificados.clarin.com,"Piedras 1743, CABA",,,,ceac@agea.com.ar,https://clasificados.clarin.com,Portal de Clasificados,,,,
Click Avisos,,,,,,,,,Discontinuado,,
Click On &#8211; Agrupate,"Bonpland 1953, CABA",,,,"sac@clickon.com.ar
serviciosalcliente@agrupate.com.ar","https://www.clickon.com.ar/
https://www.agrupate.com/",,,Todo el pais,,
Club bon Vivir,"Patagones 2847, CABA",,,5555-6937,,http://www.bonvivir.com/,Club de Beneficios,,Todo el pais,,
Club cupón,Colonia 170,,,,,http://www.clubcupon.com.ar/,Portal E-Commerce,,,,
Club LN,"Patagones 2847, CABA",,,5199-4700,,http://club.lanacion.com.ar/,Club de Beneficios,,"Capital Federal; Gran Buenos Aires, La Plata; Castelli; Chascomús; Lezama; Mercedes; Dolores; Lujan; Carlos Keen; Open Door; San Andrés de Giles; Carmen de Areco; 25 de Mayo; Mar del Plata; Rosario o Ciudad de Córdoba",,
CM &#8211; Canal de la Música,,,,,publicidad@cmtv.com.ar,http://www.cmtv.com.ar/,TV Paga,,,,
CMI Medios Regionales,Colonia 170,,,4943- 8700,info@cmimediosregionales.com.ar,http://www.cmimediosregionales.com.ar/,Editorial,,,,
CN23,"Olleros 3555, CABA",,,,,http://www.cn23.com/,TV Paga/TDT,,,"3,577,118.52",
CNN en Español,"Defensa 599 2ndo piso (1065), CABA",,,13 4318-3100,Carina.Risso@turner.com,http://cnnespanol.cnn.com/,TV Paga,,Todo el país,"2,899,683.00",
CNN Internacional,"Defensa 599 2ndo piso (1065), CABA",,,14 4318-3100,Carina.Risso@turner.com,https://edition.cnn.com/,TV Paga,,Todo el país,,
Cocina,Magallanes 1346,,,,editor@magallanesmedia.com.ar,,Revista,,Discontinuado,,
Cocina Light Del DR. Cormillot,Magallanes 1346,,,,editor@magallanesmedia.com.ar,,Revista,,Discontinuado,,
Comedy Central,"Fleming 1101, Martinez",,,,,http://www.comedycentral.la/,TV Paga SD/HD,,,,
Comintel,"J. M. Gorriti 158, Santiago del Estero",,,,,http://www.edese.com.ar/,Empresa de Construcción y Servicios,,Santiago del Estero,,
Como Estar Bien,Magallanes 1346,,,,editor@magallanesmedia.com.ar,,Revista,,Discontinuado,,
Condorito,"Azopardo 565, CABA",,,,,http://www.condorito.com/,Revista,,,,
Confronte,,,,,,,,,Discontinuado,,
Contenidos Mediterranos SA,"Av. La Voz del Interior 6020, Camino a Pajas Blancas, Córdoba",,,,,https://viapais.com.ar/cordoba/,Diario,,Cordoba,,
Continental,,,,,,,Radio,,,"6,956,731.05",
Continental Córdoba,"Dean Funés 266 2º, Córdoba",,,,,http://www.continentalcba.fm/,Radio,,Cordoba,,
Continental Mar del Plata,"H. Irigoyen 1525, Mar del Plata",,,,,http://www.continental.com.ar/,Radio,,Mar del Plata,,
Continental Río Cuarto,"Sarmiento 839 3°, Rosario",,,,,http://www.continental.com.ar/,Radio,,Rosario,,
Continental Rosario,,,,,,,Radio,,,,
Continental Salta,"Saavedra 3135, Santa Fé",,,,,http://www.continental.com.ar/,Radio,,Santa Fe,,
Continental Santa Fé,"Gral. Paz 576 9º, Tucumán",,,,,http://www.continental.com.ar/,,,Tucuman,,
Continental Tucumán,,,,,,,,,,,
Cosmo Style,"Azopardo 565, CABA",,,,,http://www.cosmoenespanol.com/,Revista,,,,
Cosmopolitan,"Azopardo 565, CABA",,,,,http://www.cosmoenespanol.com/,Revista,,,,
CPPP,"Mansilla 2668, CABA",,,,,,Comercialización de Espacio Publicitario,,,,
Crackle,,,,,,,,,,,
Cresa,"Lavalle 900 9º B, CABA",,,5631-1001,contacto@ecomedios.com,http://www.ecomedios.com/,,,,,
Crítica de la Argentina,Maipú 271,,,,,,Diario,,Discontinuado,,
Crochet &#8211; Moldes &#8211; Tejido,Magallanes 1346,,,,editor@magallanesmedia.com.ar,,Revista,,Discontinuado,,
Crónica,"Combate de los Pozos 639 y Av. Juan de Garay 130, CABA",,,5550-8600,cronicaweb@grupocronica.com.ar,https://www.cronica.com.ar/,Diario,,,"18,399,151.42",
Crónica Bahía Blanca,,,,,,,,,Discontinuado,,
Crónica de la Costa,,,,,,,,,Discontinuado,,
Crónica Mendoza,,,,,,,,,Discontinuado,,
Crónica Santa Fé,,,,,,,,,Discontinuado,,
Crónica TV,"Av. Juan de Garay 130, CABA",,,5296-7000,noticias@cronicatv.com.ar,https://www.cronicatv.com.ar/,Señal TDA 27.1/TV Paga SD/HD,,Todo el país,"14,104,646.00",
Croniquita,"Combate de los Pozos 639 y Av. Juan de Garay 130, CABA",,,5550-8600,cronicaweb@grupocronica.com.ar,,Suplemento,,,,
Cronista.com,Paseo Colón 746 - 1º (C1063ACU),,,(+54 11) 4121-9300/9344/9241,publicidad@cronista.com,www.cronista.com,Digital,Usuarios Únicos + de 3.000.000,Nacional,,
CTC &#8211; Cable Televisora Color SA,,,,,,,,,,,"Ver y ajustar info según https://seniales.blogspot.com.ar/2011/02/daniel-vila-sigifredo-alonso-y-ahora.html"
CTC Canal 3,,,,,,,,,,,
Cucinare,"Cochabamba 1153, CABA",,,,,http://www.cucinare.tv/,,,,,
Deautos.com,"Piedras 1743, CABA",,,,,http://www.deautos.com/,Portal de Clasificados,,,,
Del Ayer,,,,,,,,,,,
Del Siglo,,,,,,,,,,,
Democracia,"Combate de los Pozos 639, CABA",,,5550-8600,cronicaweb@grupocronica.com.ar,,Suplemento,,,,
Demotos.com,,,,,,,,,Discontinuado,,
DeporTV,,,,,,http://deportv.gov.ar/,Television,,,,
Diario 26,Suipacha 414 2do. Piso,,,3977-3268,contacto@diario26.com.ar,www.diario26.com,Portal,,CABA / GBA,"400,000.00",
Diario Crónica,,,,,,,,,DUPLICADO CON CRONICA,,
Diario de la Salud,Magallanes 1346,,,,editor@magallanesmedia.com.ar,http://www.diariodelasalud.com/,Periodico,,,,
Diario El Cordillerano,F.P.Moreno 975 S.C. de Bariloche,,,294-4431409,noticias@elcordillerano.com.ar,http://www.elcordillerano.com.ar/,Diario,,Bariloche,"309,986.77",
Diario La Capital de Rosario,,,,,,,,,,,
Diario Panorama,"Andes 101, Santiago del Estero",,,,,http://www.diariopanorama.com.ar/,Portal,,,,
Diario Perfil,"California 2715, CABA",,,,,,Bisemanal,,"CABA, GBA","3,837,923.80",
Diario Popular,Intendente Beguiristain 146 - Sarandí,,,4204-3161,internet@dpopular.com.ar,https://www.diariopopular.com.ar/,Diario/Periódico,,,"968,356.89",
Diario Registrado,Zapiola 1139 y Av. Paseo Colon 1196,,,,,http://www.diarioregistrado.com/,,,,,
Diario Show &#8211; www.diarioshow.com,"Combate de los Pozos 639, CABA",,,5550-8600,cronicaweb@grupocronica.com.ar,https://www.diarioshow.com/,Portal,,,,
Diario Z,"Venezuela 370, CABA",,,,,http://www.diarioz.com.ar/,Semanario,,"CABA, GBA",,
Directv Sports,Balcarce 510,,,,,https://www.directvsports.com/,TV Paga,,Nacional,"3,215,525.00",
DISCOVERY,"Av. del Libertador 101, Vicente López",,,4000 4031,lucas_Puliani@discovery.com,,TV Paga,,Nacional,,
Disney &#038; ESPN Media,"Maipú 939 1º, CABA",,,,,http://espndeportes.espn.com/,Distribuidora de Televisión,,,,
Disney And ESPN Media Networks LA,"Chile 1180, Pilar, Buenos Aires",,,,,,,,,,
Disney Channel,"Malaver 550, Vicente López",,,,,http://disneylatino.com/,TV paga SD/HD,,,"2,173,602.00",
Disney Junior,"Malaver 550, Vicente López",,,,,http://disneylatino.com/,TV paga SD,,,,
Disney Pooh,Azopardo 565,,,,,http://disneylatino.com/,Revista,,,,
Disney Princesas &#038; Hadas,Azopardo 565,,,,,http://disneylatino.com/,Revista,,,,
Disney XD,"Malaver 550, Vicente López",,,,,http://disneylatino.com/,TV paga SD,,,"434,560.00",
Doc Salud,Paseo Colón 1196,,,,,http://www.docsalud.com/,Portal,,,,
Don Balón &#8211; www.donbalon.com,"Combate de los Pozos 639, CABA",,,5550-8601,cronicaweb@grupocronica.com.ar,https://www.donbalon.com/,Portal,,,,
DYN,Paseo Colón 746 - 1º (C1063ACU),,,(+54 11) 4121-9300/9344/9241,publicidad@cronista.com,www.dyn.com.ar,Agencia de Noticias,,Discontinuado,,
E Entertainment Television,"Esmeralda 1080, Piso 4",,,4312.9555,,www.eonline.com/argentina,TV Paga,,Nacional,,
Eco 9 de Julio,,,,,,http://www.ecomedios.com/,Radio,,9 de Julio,,
Eco Bahia Blanca,,,,,,http://www.ecomedios.com/,Radio,,Bahia Blanca,,
Eco Bariloche,,,,,,http://www.ecomedios.com/,Radio,,Bariloche,,
Eco Bolívar,,,,,,http://www.ecomedios.com/,Radio,,Bolivar,,
Eco Buenos Aires,,,,,,http://www.ecomedios.com/,Radio,,Sin transmitir,,
Eco Calafate,,,,,,http://www.ecomedios.com/,Radio,,Sin transmitir,,
Eco Cdoro. Rivadavia,,,,,,http://www.ecomedios.com/,Radio,,Sin transmitir,,
Eco Chacabuco,"Ruta Nac. N° 7 Km 205,100",,,,,http://www.ecomedios.com/,Radio,,Chacabuco,,
Eco de la Cordillera,,,,,,http://www.ecomedios.com/,Radio,,,,
Eco de la Costa,,,,,,http://www.ecomedios.com/,Radio,,Costa Atlántica,,
Eco de las Sierras,,,,,,http://www.ecomedios.com/,Radio,,,,
Eco de los Cocos,,,,,,http://www.ecomedios.com/,Radio,,,,
Eco del Ancasti,,,,,,http://www.ecomedios.com/,Radio,,,,
Eco Del Rosario,,,,,,http://www.ecomedios.com/,Radio,,,,
Eco Fin del Mundo,,,,,,http://www.ecomedios.com/,Radio,,,,
ECO HD TV,"Lavalle 900 9º B, CABA",,,5631-1005,contacto@ecomedios.com,http://www.ecomedios.com/,Portal,,,,
Eco Jujuy,,,,,,http://www.ecomedios.com/,Radio,,Sin transmitir,,
Eco La Rioja,,,,,,http://www.ecomedios.com/,Radio,,La Rioja,,
Eco Madryn,,,,,,http://www.ecomedios.com/,Radio,,Puerto Madryn,,
Eco Mar del Plata,"Luro 2237 16to. A, Mar del Plata",,,,,http://www.ecomedios.com/,Radio,,Mar del Plata,,
Eco Medios,"Lavalle 900 9º B, CABA",,,5631-1003,contacto@ecomedios.com,http://www.ecomedios.com/,,,,,
Eco Necochea,,,,,,http://www.ecomedios.com/,Radio,,Necochea,,
Eco Olavarria,,,,,,http://www.ecomedios.com/,Radio,,Sin transmitir,,
Eco Onda Marina,"Luro 2237 16to. A, Mar del Plata",,,,,http://www.ecomedios.com/,Radio,,,,
Eco Patagones,,,,,,http://www.ecomedios.com/,Radio,,Carmen de Patagones,,
Eco Pinamar,,,,,,http://www.ecomedios.com/,Radio,,Pinamar,,
Eco Porteña FM,,,,,,http://www.ecomedios.com/,Radio,,"CABA, GBA",,
Eco Rawson,,,,,,http://www.ecomedios.com/,Radio,,Sin transmitir,,
Eco Rio Cuarto,,,,,,http://www.ecomedios.com/,Radio,,Sin transmitir,,
Eco Rio Gallegos,,,,,,http://www.ecomedios.com/,Radio,,Rio Gallegos,,
Eco San luis,,,,,,http://www.ecomedios.com/,Radio,,Sin transmitir,,
Eco San Nicolás,,,,,,http://www.ecomedios.com/,Radio,,San Nicolas,,
Eco Santa Rosa,,,,,,http://www.ecomedios.com/,Radio,,Santa Rosa,,
Eco Santiago Del Estero,,,,,,http://www.ecomedios.com/,Radio,,Santiago del Estero,,
Eco SMA,,,,,,http://www.ecomedios.com/,Radio,,,,
Eco Tandil,,,,,,http://www.ecomedios.com/,Radio,,Tandil,,
Eco Termas,,,,,,http://www.ecomedios.com/,Radio,,,,
Eco Villa Carlos Paz,,,,,,http://www.ecomedios.com/,Radio,,Villa Carlos Paz,,
Eco VLA,,,,,,http://www.ecomedios.com/,Radio,,,,
Ecos Diarios (Necochea),,,,,,,Diario,,Necochea,,
Ecoya24.com,"Lavalle 900 9º B, CABA",,,5631-1004,contacto@ecomedios.com,http://www.ecomedios.com/,Portal,,,,
EDESE &#8211; Empresa Distribuidora de Electricidad de Santiago del Estero,"Av. Roca Sur 214, Santiago del Estero",,,,,http://www.edese.com.ar/,Distribuidora de electricidad,,Santiago del Estero,,
Editorial Octubre,"Venezuela 370, CABA",,,,,http://www.editorialoctubre.com.ar/,Editorial,,"CABA, GBA",,
Editorial Televisa,"Azopardo 565, CABA",,,,,http://www.televisa.com.ar/,Editorial,,,,
El Argentino,Paseo Colón 1196,,,,,http://www.elargentino.com/,Diario,,Discontinuado,,
El Atlántico,"Belgrano 2583, Mar del Plata",,,(0223) 495-8278/56434,,,Diario,,Mar del Plata,,
El Ciudadano y la Gente,"Dorrego 972, Rosario, Santa Fé",,,,,http://www.elciudadanoweb.com/,Diario,,Discontinuado / Autogestionado como Cooperativa,,
El Comercial,Hipólito Irigoyen 58 ,Formosa,Formosa,(+54-370) 443-1035 ,redaccion@elcomercial.com.ar,http://www.elcomercial.com.ar,Diario gráfico y web,,Provincia de Formosa,,
El Cronista,Paseo Colón 746 - 1º (C1063ACU),,,(+54 11) 4121-9300/9344/9241,publicidad@cronista.com,www.cronista.com,Diario/Periódico,49.000 Ejemplares,80% CABA,,
El Dia,"Calle 46 N° 423, La Plata",,,,,https://www.eldia.com/,Diario,,La Plata,"3,317,518.21","Pauta distribuida en diario papel y web (3297518.21+20000)"
El Federal,Freire 948,,,4010-8200,,http://www.elfederal.com.ar/,Revista,,Discontinuado,,
El Gráfico,Balcarce 511,,,,,http://www.elgrafico.com.ar/,Revista,,Discontinuado,,
El Gráfico Deportes a Diario,Balcarce 511,,,,,http://www.elgrafico.com.ar/,Revista,,Discontinuado,,
El Gráfico Polo,Balcarce 511,,,,,http://www.elgrafico.com.ar/,Revista,,Discontinuado,,
El Guardián,"Junín 741, Planta Baja Depto. 6",,,,,,Revista,,,,
El Liberal,"Libertad 263, Santiago del Estero",,,,,WWW.ELLIBERAL.COM.AR,Diario,29800 audiencia,,"720,049.26","Pauta distribuida en diario papel y web (480049.26+240000)"
El Norte (San Nicolas),,,,,,,Diario,,San Nicolas,,
El Patagónico,"Sarmiento 569, Cdoro. Rivadavia, Chubut",,,,,https://www.elpatagonico.com/,Diario,,,,
El Planeta Urbano,"Venezuela 370, CABA",,,,,http://www.elplanetaurbano.com/,Revista,,"CABA, GBA",,
El Plata Informador,"Diagonal 80 N° 815, La Plata",,,,,http://www.elplatainformador.com/,Diario,,La Plata,,
El Seis San Rafael,,,,,,,,,,,
El Seis San Rafael,http://www.canal6sanrafael.com.ar/,"Luzuriaga 360, San Rafael, Mendoza",,,TV Aire,,,,Mendoza,,
El Sensacional,"Ravignani 1493, CABA",,,,,,,,,,
El Siete,,,,,,,,,,,
El Territorio,"Quaranta 4307, Posadas, Misiones",,,3764747773,redaccion@territoriodigital.com,http://www.elterritorio.com.ar/,Diario,,Misiones,"755,349.92",
El Tiempo (Azul),,,,,,,Diario,,Azul,,
El Tradicional,Freire 948,,,,,,Semanario,,Discontinuado,,
El Trece,"Lima 1261, CABA",,,,,https://www.eltrecetv.com.ar/,Señal TDA 33.1/TV Aire SD/HD,800000 personas,,"57,515,675.60",
El Trece internacional,"Lima 1261, CABA",,,,,https://www.eltrecetv.com.ar/,TV Paga SD/HD,,,,
El Trece Satelital,"Lima 1261, CABA",,,,,https://www.eltrecetv.com.ar/,TV Paga SD/HD,,,,
El Tribuno de Tucumán,"Av. N. Kirchner 2153, San Miguel de Tucumán",,,,,,Diario,,,"4,174,061.00",
Elle Argentina,"Piedras 1743, CABA",,,,,https://elle.clarin.com,Revista,,,,
Elle Decoración,"Piedras 1743, CABA",,,,,https://elle.clarin.com,Revista,,,,
Empleos.Clarin.com,"Piedras 1743, CABA",,,,,http://www.empleos.clarin.com,Portal de Clasificados,,,,
Encuentro,"Av. Comodoro Martín Rivadavia 1151, CABA",,,,,http://encuentro.gob.ar/,Television,,,,
Entrada Plus,,,,,,,,,Discontinuado,,
Entrada Plus,,,,,,,,,Discontinuado,,
Entre Mujeres,"Piedras 1743, CABA",,,,,https://www.clarin.com/entremujeres/,Portal,,,,
Época,"Hipólito Yrigoyen 835, Corrientes",,,4424919,contacto@diarioepoca.com,http://diarioepoca.com/,Diario,22000,Corrientes,,
Espacio Living,"Av. Del Libertador 101, Vicente López",,,,,http://www.espacioliving.com/,Revista,,Todo el pais,,
ESPN,,,,,TV paga SD/HD,"Tomkinson 1750, San Isidro",,,http://www.espn.com.ar/,"4,568,560.00",
ESPN +,,,,,TV paga,"Tomkinson 1750, San Isidro",,,http://www.espn.com.ar/,,
ESPN 2,,,,,TV paga SD/HD,"Tomkinson 1750, San Isidro",,,http://www.espn.com.ar/,,
ESPN 3,,,,,TV paga SD/HD,"Tomkinson 1750, San Isidro",,,http://www.espn.com.ar/,,
ESPN EXTRA,,,,,TV paga SD/HD,"Tomkinson 1750, San Isidro",,,http://www.espn.com.ar/,,
ESPN EXTRA POLO,,,,,TV paga SD/HD,"Tomkinson 1750, San Isidro",,,http://www.espn.com.ar/,,
ESPN Play y Móvil &#038; Disney GO y Móvil,,,,,Portal VOD – App VOD,"Tomkinson 1750, San Isidro",,,,,
ESPN RADIO,,,,,Radio,"Tomkinson 1750, San Isidro",,,,,
ESPNPOLO.COM,,,,,Portal,"Tomkinson 1750, San Isidro",,,http://www.espn.com.ar/polo/,,
ESPNRUN.COM,,,,,Portal,"Tomkinson 1750, San Isidro",,,http://www.espn.com.ar/espn-run/,,
ESPNTENIS.COM,,,,,Portal,"Tomkinson 1750, San Isidro",,,http://www.espn.com.ar/tenis/,,
Estética,Magallanes 1346,,,,editor@magallanesmedia.com.ar,,Revista,,Discontinuado,,
Exito FM 99.1,,,,,,,,,,,
Exitoina,"California 2715, CABA",,,,,http://www.exitoina.com/,Portal,,,"200,000.00",
Expomanagement,"Echeverría 874, CABA",,,,,,Productora de Eventos,,Absorvida por WOBI,,
Express,Ovidio Lagos 502,,,0810-555 3977,,http://www.express.com.ar/Rosario,"Servicio TV, internet y telefonía",,Rosario,,
Express Salta,España 111,,,0810-555 3977,,http://www.express.com.ar/salta/,"Servicio TV, internet y telefonía",,Salta,,
Express Santiago Del Estero,Av. Belgrano Sur 623,,,0810-555 3977,,http://www.express.com.ar/santiago/,"Servicio TV, internet y telefonía",,Santiago del Estero,,
Express TV,Ovidio Lagos 502,,,0810-555 3977,,http://www.express.com.ar/Rosario,TV Paga,,Discontinuada,,
Facil-Facil,"Azopardo 565, CABA",,,,,,Suplemento,,,,
Fausto,,,,,,,,,Discontinuado,,
FIlmar &#8211; Fonde Art,"Venezuela 370, CABA",,,,,http://www.filmarfondeart.com.ar/,Fideicomiso para Producciones Cinematográficas,,,,
First,"Av. Del Libertador 101, Vicente López",,,,,,Revista,,Discontinuado,,
First,,,,,,,,,Discontinuado,,
FM 101.1 Latina La Angostura,"Lago Gallardo 1600, VLA, Neuquén",,,,,http://www.latina101.com.ar/,Radio,,,"6,278,383.00",
FM 101.5 POP Radio,Uriarte 1899,,,,,https://www.minutouno.com/radio-pop,Radio,,,"523,696.00",
FM 102.5 San Fernando del Valle de Catamarca,"Gorriti 5963, C.A.B.A. Argentina (CP1414)",,,55 11 4556 9200,,https://www.amdelplata.com/,Radio,,Catamarca,,
FM 102.7 Rosario,,,,,,,Radio,,,,
FM 103.1 Santiago del Estero,"Gorriti 5963, C.A.B.A. Argentina (CP1414)",,,56 11 4556 9200,,https://www.amdelplata.com/,Radio,,Santiago del Estero,,
FM 103.7 Radio ONE,Uriarte 1899,,,,,http://www.radioone1037.com/contenidos/home.html,Radio,,,"450,000.00",
FM 104.9 Puerto Iguazú,"Gorriti 5963, C.A.B.A. Argentina (CP1414)",,,56 11 4556 9200,,https://www.amdelplata.com/,Radio,,Misiones,,
FM 105.1 LV12 RADIO INDEPENDENCIA,"Laprida 530 San Miguel De Tucumán, Tucuman",,,0381-4845100,contacto@lv12.com.ar,http://www.lv12.com.ar/,Radio,,Tucumán,,
FM 107.9 ESPN,,,,,Radio,"Tomkinson 1750, San Isidro",,,http://www.espn.com.ar/radio/espn-1079-fm,,
FM 89.7 Salta,"Gorriti 5963, C.A.B.A. Argentina (CP1414)",,,56 11 4556 9200,,https://www.amdelplata.com/,Radio,,Salta,,
FM 90.1 ECO CORDILLERA,Comandante Salas 200,,,San Rafael,Mendoza,http://www.radioandina.com.ar/,,,San Rafael,"49,448.00",
FM 90.3 Patagonia POP,"Sarmiento 569, Cdoro. Rivadavia, Chubut",,,,,http://www.stweb.tv/indalo/patagoniapop/,Radio,,,,
FM 91.1 Villa Regina,"Gorriti 5963, C.A.B.A. Argentina (CP1414)",,,56 11 4556 9200,,https://www.amdelplata.com/,Radio,,Cordoba,,
FM 92.7 Presidencia Roque Sáenz Peña,"Gorriti 5963, C.A.B.A. Argentina (CP1414)",,,60 11 4556 9200,,https://www.amdelplata.com/,Radio,,Chaco,,
FM 93.1 Frecuencia Plus,,,,,,http://www.fmvida.com.ar/FMPlus/,Radio,,,"86,924.00",
FM 93.5 Rosario,"Gorriti 5963, C.A.B.A. Argentina (CP1414)",,,61 11 4556 9200,,https://www.amdelplata.com/,Radio,,Rosario,,
FM 93.7 San Luis,"Gorriti 5963, C.A.B.A. Argentina (CP1414)",,,62 11 4556 9200,,https://www.amdelplata.com/,Radio,,San Luis,,
FM 93.9 San Miguel de Tucumán,"Gorriti 5963, C.A.B.A. Argentina (CP1414)",,,63 11 4556 9200,,https://www.amdelplata.com/,Radio,,Tucumán,,
FM 94.3 DISNEY,"Chile 1180, Pilar, Buenos Aires",,,,,http://radiodisney.disneylatino.com/argentina,Radio,,,"2,073,698.26",
FM 94.3 Puerto Madryn,"Gorriti 5963, C.A.B.A. Argentina (CP1414)",,,64 11 4556 9200,,https://www.amdelplata.com/,Radio,,Puerto Madryn,,
FM 94.5 La Rioja,"Gorriti 5963, C.A.B.A. Argentina (CP1414)",,,65 11 4556 9200,,https://www.amdelplata.com/,Radio,,La Rioja,,
FM 94.7 Radio Cataratas,Av. Calandrias y Golondrinas - B° IPRODHA - Puerto Iguazú - Misiones,,,,info@radiocataratas.com,https://www.radiocataratas.com/,Radio,,Misiones,,
FM 94.9 Alta Gracia (Radio Sierras),"Gorriti 5963, C.A.B.A. Argentina (CP1414)",,,66 11 4556 9200,,https://www.amdelplata.com/,Radio,,Alta Gracia,,
FM 95.1 Radio Pulxo,"Marcos Sastre 1769, Córdoba",,,,,https://www.facebook.com/Pulxo951/,Radio,,Córdoba,"168,804.92",
FM 96.5 Mar del Plata (Radio Residencias),"Gorriti 5963, C.A.B.A. Argentina (CP1414)",,,67 11 4556 9200,,https://www.amdelplata.com/,Radio,,Mar del Plata,,
FM 96.7 Bahía Blanca,,,,,,,,,,,
FM 96.7 Rio Cuarto,"Gorriti 5963, C.A.B.A. Argentina (CP1414)",,,68 11 4556 9200,,https://www.amdelplata.com/,Radio,,Rio Cuarto,,
FM 97.1 Bolsón,"Gorriti 5963, C.A.B.A. Argentina (CP1414)",,,69 11 4556 9200,,https://www.amdelplata.com/,Radio,,El Bolson,,
FM 97.5 Trelew,"Gorriti 5963, C.A.B.A. Argentina (CP1414)",,,70 11 4556 9200,,https://www.amdelplata.com/,Radio,,Trellew,,
FM 97.5 VALE,Uriarte 1899,,,,,,Radio,,,"2,858,610.75",
FM 97.7 Tropico,"Dr. Horacio Guzmán 496, Bº Mariano Moreno",,,(0388) 4230035,,comercial@radiovisionjujuy.com.ar,Radio,,Jujuy,,
FM 97.9 Vida,,,,341 340 3200,,http://www.fmvida.com.ar/,Radio,,,"490,050.00",
FM 98.3 MEGA,Uriarte 1899,,,,,,Radio,,,"5,224,646.05",
FM 98.5 General Roca,"Gorriti 5963, C.A.B.A. Argentina (CP1414)",,,71 11 4556 9200,,https://www.amdelplata.com/,Radio,,Rio Negro,,
FM 98.7 Radio del Mar,"San Martín 353, 1er Piso, Cdoro. Rivadavia, Chubut",,,,,http://www.radiodelmar.net/,Radio,,,"201,478.42",
FM 99.3 Río Gallegos,"Gorriti 5963, C.A.B.A. Argentina (CP1414)",,,72 11 4556 9200,,https://www.amdelplata.com/,Radio,,Rio Gallegos,,
FM 99.5 Mendoza,,,,,,,,,,,
FM Capital,"Misiones 541, Santiago del Estero",,,(0385) 421-1910,,https://www.diariopanorama.com/customhtml/ver_html/39,Radio,,,,
FM Córdoba,,,,351 5260599,,,Radio,,Cordoba,,
FM Del Lago,,,,,,http://www.lamusicadellago.com/,Radio,,Bariloche,,
FM Express 101.5,Ovidio Lagos 502,,,0810-555 3977,,http://www.express.com.ar/Rosario,Radio,,Rosario,,
FM Express 105.3,España 111,,,0810-555 3977,,http://www.express.com.ar/salta/,Radio,,Salta,,
FM Express 96.1,Av. Belgrano Sur 623,,,0810-555 3977,,http://www.express.com.ar/santiago/,Radio,,Santiago del Estero,,
FM La X 103.5,"9 de Julio 3560, Santa Fe",,,,publicidad@radiounl.com.ar,https://www.lt10.com.ar/,Radio,,Santa Fe,,
FM Nuestra,,,,,,,,,,,
FOLKLÓRICA,,,,,,http://www.radionacional.com.ar/nacionalrock/,Radio,,Nacional,,
Fortuna,"California 2715, CABA",,,,,http://fortunaweb.com.ar/,,,,"295,052.00",
Fox,Honduras 5517,,,4103-1100,,https://foxplay.com,TV Paga,,Nacional,,
Fox App,Honduras 5517,,,4103-1100,,https://foxplay.com,TV Paga,,Nacional,,
Fox Life,Honduras 5517,,,4103-1100,,https://foxplay.com,TV Paga,,Nacional,,
Fox News,Honduras 5517,,,4103-1100,,https://foxplay.com,TV Paga,,Nacional,,
Fox Sports,Honduras 5517,,,4103-1100,,https://foxplay.com,TV Paga,,Nacional,,
Fox Sports 2,Honduras 5517,,,4103-1100,,https://foxplay.com,TV Paga,,Nacional,,
Fox Sports Premium,Honduras 5517,,,4103-1100,,https://foxplay.com,TV Paga,,Nacional,,
FPP,"Mansilla 2668, CABA",,,,,,Comercialización de Retransmisión de Radio,,,,
FTV MAG,Magallanes 1346,,,,editor@magallanesmedia.com.ar,,Revista,,Discontinuado,,
FX,Honduras 5517,,,4103-1100,,https://foxplay.com,TV Paga,,Nacional,,
FXM,Honduras 5517,,,4103-1100,,https://foxplay.com,TV Paga,,Nacional,,
GABO,Magallanes 1346,,,,editor@magallanesmedia.com.ar,http://www.gabo.com.ar/,Portal,,,,
García Ferré Producciones,,,,,,,,,,,
Genios,"Piedras 1743, CABA",,,,,http://www.genios.com.ar/,Revista,,,,
Gente,"Azopardo 565, CABA",,,,,,Revista,Venta 70k/semana - 465.500 Lectores,,,
Gente.com.ar,"Azopardo 565, CABA",,,,,https://www.infobae.com/gente/,Web,Páginas vistas por día: 90.000 / Visitantes únicos por día: 15.000,,"450,000.00",
Gesell FM 93.9,"Av. 3 1179, Villa Gesell",,,,,http://www.gesell939fm.com.ar/,Radio,,Villa Gesell,,
Gestión,"Echeverría 874, CABA",,,,,,Revista,,Absorvida por WOBI,,
Glitz,"Defensa 599 2ndo piso (1065), CABA",,,15 4318-3100,Carina.Risso@turner.com,http://www.glitztvla.com/,TV Paga,,Todo el país,,
Gloud,"Defensa 599 2ndo piso (1065), CABA",,,28 4318-3100,Carina.Risso@turner.com,https://gloud.games/,Servicio de videojuegos,,Todo el país,,
Golf Channel Latin America,Balcarce 510,,,,,http://www.golfchannel-la.com/,TV Paga SD/HD,,Internacional,,
Golf Digest,Carlos Pellegrini 1672 - Martínez,,,,,http://golfdigest.com.ar/,Revista,,,,
Gran DT,"Tacuarí 1846, CABA",,,,,https://www.grandt.clarin.com,Concurso,,,,
Gran Hotel Coventry,"Chacabuco 325, Santiago del Estero",,,(0385) 421-5050,,http://www.hotelcoventry.com.ar/,Hotel,,,,
Gran Pez,"T. Gral. J. D. Perón 1785 3ro., CABA",,,,,http://www.granpez.com.ar/,Productora Audiovisual,,,,
Grandes Libros,https://www.grandeslibros.com/,,,Costa Rica 5639,,,Portal – Red de Lectores,,Grandes Libros,,
Grupo Crónica,Pozos 639 y Av. Juan de Garay 130,,,,,https://www.cronica.com.ar/,,,,,
Grupo de Narváez,,,,,,,,,,,
Grupo de Revistas LN,"Av. Del Libertador 101, Vicente López",,,,,,Editorial,,-,,
Grupo Editor RG,,,,,,,,,,,
Grupo Editorial Televisa Atlántida,"Azopardo 565, CABA",,,,,,,,,,
Grupo el Día,,,,,,,,,,,
Grupo Fascetto,"Cerrito 1054, 3º",,,4813-2009,,,,,,,
Grupo Latino de Radio,,,,,,,,,,,
Grupo Lerner,Magallanes 1315 y Magallanes 1346,,,4303-1484/80,,,,,,,
Grupo LN,"Bouchard 557, CABA",,,,,https://www.lanacion.com.ar/,,,-,,
Grupo Perfil,,,,,,,,,,,
Grupo RPMB,Freire 948,,,4556-2900,,http://www.rpmb.com.ar,,,,,
Grupo Telecentro,"Juan Manuel de Rosas 635, San Justo",,,6380-9500,,,,,,,
Grupo Vi-Da,"Costa Rica 5639, Palermo",,,4852 8800,,http://www.grupovi-da.com/,Editorial – Productora Audiovisual,,,,
Guia Clarín,Colonia 170,,,4943-8749,,http://guia.clarin.com/,,,,,
Guia de Padres Genios,,,,,,,,,Discontinuado,,
Hamburgo Seguros,"Esquiú 499, San Fernando del Valle de Catamarca",,,4225556,hamburgosa@arnetbiz.com.ar,http://www.hamburgoseguros.com.ar/,Seguros,,,,
Harpers Bazaar,"Azopardo 565, CABA",,,,,,Revista,,,,
HBO,,,,,,,TV Paga,,,,
HBO Family,,,,,,,TV Paga,,,,
HBO Signature,,,,,,,TV Paga,,,,
HBO2,,,,,,,TV Paga,,,,
HBOPlus,,,,,,,TV Paga,,,,
Hermitage Hotel,"Av. Colón 1643 – Blv. Peralta Ramos 2657, Mar del Plata",,,223 451 9081/86,reservas@hermitagehotel.com.ar,http://www.hermitagehotel.com.ar/,Hotel 5 Estrellas,,Mar del Plata,,
History Channel,,,,,,,TV Paga,,,,
History Channel 2,,,,,,,TV Paga,,,,
History Channel HD,,,,,,,TV Paga,,,,
Hola! (Argentina),"Av. Del Libertador 101, Vicente López",,,,,https://www.hola.com.ar/,Revista,,Todo el pais,,
Hombre,"California 2715, CABA",,,,,http://hombre.perfil.com/,Revista,,,,
HOME AND HEALTH,"Av. del Libertador 101, Vicente López",,,4000 4031,lucas_Puliani@discovery.com,,TV Paga,,Nacional,,
HTV,"Defensa 599 2ndo piso (1065), CABA",,,25 4318-3100,Carina.Risso@turner.com,http://www.htv.com/,TV Paga,,Todo el país,,
Hudson Presente,"Diagonal 80 N° 815, La Plata",,,,,http://www.hudsonpresente.com/,Portal,,Discontinuado,,
I Sat,"Defensa 599 2ndo piso (1065), CABA",,,16 4318-3100,Carina.Risso@turner.com,http://www.isat.tv/,TV Paga,,Todo el país,,
I-Profesional,Costa Rica 5639,,,,,http://www.iprofesional.com/,Portal,,,,
Iavisos.net,,,,,,,,,Discontinuado,,
ID,"Av. del Libertador 101, Vicente López",,,4000 4031,lucas_Puliani@discovery.com,,TV Paga,,Nacional,,
IGOOH!,"Bouchard 557, CABA",,,,,http://www.igooh.com/,Portal,,Discontinuado,,
Imágen Platense,"Calle 48 1280, La Plata",,,,,,TV Paga,,Discontinuado,,
Imagena,Colonia 170,,,,consultas.fotos@imagena.com,http://www.fotos.imagena.com/,Portal E-Commerce,,,,
Indalo Media,,,,,,,,,,,
Indie Libros,Costa Rica 5639,,,0800-444-1394,info@indielibros.com,https://www.indielibros.com/,Portal,,,,
Infobae América,Humboldt 1550,,,,,https://www.infobae.com/america/,Portal,,,,
Infobae TV,,,,,,https://www.infobae.com/infobaetv/,Television,,Discontinuado,,
Infobae.com,Humboldt 1550,,,,contacto@infobae.com,https://www.infobae.com/,Portal,Usuarios Únicos + 43.000.000,,"13,832,000.00",
Infobit (informática y computación),,,,,,,Suplemento semanal,35000 ejemplares,Buenos Aires,,
Infocampo,Freire 948,,,4010-8200,,http://www.infocampo.com.ar/,Semanario,,,"461,692.74",
Infomedia,Freire 932,,,4010-8200,,http://www.infomedia.com.ar/,Editorial – Productora Audiovisual,,,,
Infoprecios.com,,,,,,,Portal,,Discontinuado,,
Information Technology,,,,,,,,,,,
Infotechnology,Paseo Colón 746 - 1º (C1063ACU),,,(+54 11) 4121-9300/9344/9241,publicidad@cronista.com,http://www.infotechnology.com/,Diario/Periódico,29.000 Ejemplares,CABA/GBA,,
Infotechnology.com,Paseo Colón 746 - 1º (C1063ACU),,,(+54 11) 4121-9300/9344/9241,publicidad@cronista.com,http://www.infotechnology.com/,Digital,Usuarios  Únicos + de 427.000,Nacional,,
Intermanagers.com,"Echeverría 874, CABA",,,,,,Productora de Eventos,,Discontinuada,,
Interpatagonia.com,"Tte. Coronel Perez 830 - P. 1 Oficina 5, San Martín de los Andes",,,(54-2972) 429267,info@interwa.com,http://www.interwa.com/,Servicio de Hosting y Desarrollo Web,,,,
Interpatagonia.net,"Tte. Coronel Perez 830 - P. 1 Oficina 5, San Martín de los Andes",,,(54-2972) 429267,info@interwa.com,http://www.interwa.com/,Servicio de Hosting y Desarrollo Web,,,,
ISO &#8211; Instituto Superior Octubre,"Venezuela 356, CABA",,,011 5354-6641,info@iso.edu.ar,http://www.iso.edu.ar/,Instituto Terciario,,,,
Jardín,"Av. Del Libertador 101, Vicente López",,,,,http://www.revistajardin.com.ar/,Revista,,Todo el pais,,
Jardín de Genios,"Piedras 1743, CABA",,,,,http://www.genios.com.ar/,Revista,,,,
Jocker/Crucigrama,"California 2715, CABA",,,,,http://joker.com.ar/,Revista,,,,
Kidis,,,,,contacto@kidis.com,http://www.kidis.com,Portal,,Discontinuado,,
La 100,"Mansilla 2668, CABA",,,,,http://www.la100.com.ar/,Radio,,,"13,457,469.35",
La 990 (AM),,,,,,http://www.splendid990.com.ar/,Radio,,,"115,000.00",
La Capital,"Av. Champagnat 2551, Mar del Plata",,,0223-478-8490/7,,http://www.lacapitalmdp.com/,Diario,,Mar del Plata,,
La Corte,Fraga 167,,,5218 5050,info@la-corte.com.ar,http://www.la-corte.com.ar/,Productora Audiovisual y Estudios de Televisión,,,,
LA GACETA de Tucumán,"Mendoza 654, S.M. Tucumán",,,381 5870289,comercial@lagaceta.com.ar,http://www.lagaceta.com.ar/,Diario,,Tucuman,"3,923,166.72",
La Mañana (Bolivar),,,,,,,Diario,,Bolivar,,
La Mañana de Córdoba,,,,,,,,,Discontinuado,,"Autogestionado como Cooperativa"
La Nacion,"Av. Del Libertador 101, Vicente López",,,,,https://www.lanacion.com.ar/,Diario,160.000 promedio de ejemplares lunes a sabado y 250.000 domingos,Todo el país,"17,501,349.52",
La Nación In,"Bouchard 557, CABA",,,,,http://www.lanacion.in/,Portal Mediakit de Publicidad y Mercadeo,,Todo el pais,,
La Ocho,,,,,,,,,,,
La Opinión (Trenque Lauquen),,,,,,,Diario,,Trenque Lauquen,,
La Plata Vive,"Diagonal 80 N° 815, La Plata",,,,,http://www.laplatavive.com/,Portal,,Discontinuado,,
La Prensa,Azopardo 715,,,4349-1000,,http://www.laprensa.com.ar/,Diario,,CABA,,
La Primera,,,,,,,,,Discontinuado,,
La Razón,,,,,,,,,Discontinuado,,
La Red,,,,,,,,,,,
La Red Concordia,,,,,,,,,,,
La Red Mendoza,,,,,,,,,,,
La Red Paraná,,,,,,,,,,,
La Red Rosario,,,,,,,,,,,
La Red Victoria,,,,,,,,,,,
La Redonda,"Diagonal 80 N° 815, La Plata",,,,,http://www.fmlaredonda.com/,Radio,,La Plata,,
La semana,,,,,,,,,,,
La valijita,"Azopardo 565, CABA",,,,,,Revista,Venta 75.000/mensual - 375.000 Lectores,,,
La Verdad (Junin),,,,,,,Diario,,Junin,,
La Voz (Bragado),,,,,,,Diario,,Bragado,,
La voz de Balcarce,"Av. Champagnat 2551, Mar del Plata",,,0223-478-8490/7,,,Diario,,Balcarce,,
La Voz de Tandil,"Av. Del Valle 1202, Tandil",,,249 444 8008,,https://www.lavozdetandil.com.ar,Diario,,Tandil,,
La Voz de Villa Gesell y Pinamar,"Av. Champagnat 2551, Mar del Plata",,,,,,Diario,,Villa Gesell y Pinamar,,
La Voz del Interior,"Av. La Voz del Interior 6020, Camino a Pajas Blancas, Córdoba",,,(0351) 4757000,,http://www.lavoz.com.ar/,Diario,118.7,Córdoba,"4,267,303.17",
La Voz del Pueblo (Tres Arrollos),,,,,,,Diario,,Tres Arroyos,,
lagaceta.com.ar,"Mendoza 654, S.M. Tucumán",,,387 5334372,comercialsalta@lagaceta.com.ar,http://www.lagacetasalta.com.ar/,Portal,,,"480,000.00",
lagacetasalta.com.ar,"Mendoza 654, S.M. Tucumán",,,381 5870289,comercial@lagaceta.com.ar,http://www.lagaceta.com.ar/,Portal,,,"320,000.00",
lagacetashop.com.ar,,,,,hola@lagacetashop.com.ar,,E-commerce,,,,
Lanacion.com,"Zepita 3251, CABA",,,,,https://www.lanacion.com.ar/,Web,7.382.000 de usuarios únicos,Todo el país,"7,817,795.87",
LAPOLITICAONLINE.COM,,,,,,,,,,,
LatinoAmérica Piensa,"Pacheco 2367 2do. Depto. A, CABA",,,,,http://www.latinoamericapiensa.com/,Web,,,,
Latinos,,,,,,,,,,,
LCC La Capital Cable,"Av. Champagnat 2551, Mar del Plata",,,0223-478-4500,,http://www.lcc.net.ar/,Proveedor de TV Paga,,Mar del Plata,,
Leamos,Costa Rica 5639,,,,info@leamos.com,https://www.leamos.com/ar/,Portal – Foro de Lectura,,,,
LHO Tejidos,Magallanes 1346,,,,editor@magallanesmedia.com.ar,,Revista,,Discontinuado,,
Libre,"California 2715, CABA",,,,,,Diario,,Discontinuado,,
Librocity,,,,,,,,,Discontunoado,,
Lifetime,,,,,,,TV Paga,,,,
LINDA,Magallanes 1346,,,,editor@magallanesmedia.com.ar,,Revista,,Discontinuado,,
LN+,"Av. Del Libertador 101, Vicente López",,,,,https://lnmas.lanacion.com.ar/,TV Paga SD/HD + TDA,,Todo el país,,
Lonely Planet,,,,,,,Revista,,,,
Look,"California 2715, CABA",,,,,http://look.perfil.com/,Revista,,,,
Los 40 Bahía Blanca,,,,,,,,,,,
Los 40 La plata,,,,,,,,,,,
Los 40 Mar del Plata,,,,,,,,,,,
Los 40 Pinamar,,,,,,,,,,,
Los 40 Principales,Rivadavia 835,,,2.313.041,,http://los40.com.ar/,Radio,,,"5,851,018.36",
Los 40 San Bernardo,,,,,,,,,,,
Los 40 Villa Gesell,,,,,,,,,,,
Los Andes,"San Martín 1049, Mendoza",,,,,http://www.losandes.com.ar/,Diario,,,"2,401,447.18","Pauta distribuida en papel y web (2041447.51+359999.67)"
LRA 10 USHUAIA E ISLAS MALVINAS,,,,,,http://www.radionacional.com.ar/category/lra-10-ushuaia-e-islas-malvinas/,Radio,,Ushuaia,"3,520.00",
LRA 12 SANTO TOMÉ,,,,,,http://www.radionacional.com.ar/category/lra-12-santo-tome/,Radio,,Corrientes,"2,980.00",
LRA 13 BAHÍA BLANCA,,,,,,http://www.radionacional.com.ar/category/lra-13-bahia-blanca/,Radio,,Buenos Aires,,
LRA 14 SANTA FE,,,,,,http://www.radionacional.com.ar/category/lra-14-santa-fe/,Radio,,Santa Fe,"8,208.00",
LRA 15 TUCUMÁN,,,,,,http://www.radionacional.com.ar/category/lra-15-tucuman/,Radio,,Tucuman,"4,800.00",
LRA 16 LA QUIACA,,,,,,http://www.radionacional.com.ar/category/lra-16-la-quiaca/,Radio,,Jujuy,"4,200.00",
LRA 18 RÍO TURBIO,,,,,,http://www.radionacional.com.ar/category/lra-18-rio-turbio/,Radio,,Santa Cruz,"3,840.00",
LRA 19 PUERTO IGUAZÚ,,,,,,http://www.radionacional.com.ar/category/lra-19-iguazu/,Radio,,Misiones,"24,050.00",
LRA 2 VIEDMA,,,,,,http://www.radionacional.com.ar/category/lra-2-viedma/,Radio,,Viedma,"10,160.00",
LRA 20 LAS LOMITAS,,,,,,http://www.radionacional.com.ar/category/lra-20-las-lomitas/,Radio,,Formosa,,
LRA 21 SANTIAGO DEL ESTERO,,,,,,http://www.radionacional.com.ar/category/lra-21-santiago-del-estero/,Radio,,Santiago del Estero,"16,030.00",
LRA 22 JUJUY,,,,,,http://www.radionacional.com.ar/category/lra-22-jujuy/,Radio,,Jujuy,"12,500.00",
LRA 23 SAN JUAN,,,,,,http://www.radionacional.com.ar/category/lra-23-san-juan/,Radio,,San Juan,,
LRA 24 RÍO GRANDE,,,,,,http://www.radionacional.com.ar/category/lra-24-rio-grande/,Radio,,Ushuaia,"16,020.00",
LRA 25 TARTAGAL,,,,,,http://www.radionacional.com.ar/category/lra-25-tartagal/,Radio,,Santa Fe,"3,650.00",
LRA 28 LA RIOJA,,,,,,http://www.radionacional.com.ar/category/lra-28-la-rioja/,Radio,,La Rioja,"10,520.00",
LRA 29 SAN LUIS,,,,,,http://www.radionacional.com.ar/category/lra-29-san-luis/,Radio,,San Luis,"3,700.00",
LRA 3 SANTA ROSA,,,,,,http://www.radionacional.com.ar/category/lra-3-santa-rosa/,Radio,,Santa Rosa,"4,032.00",
LRA 4 SALTA,,,,,,http://www.radionacional.com.ar/category/lra-4-salta/,Radio,,Salta,"18,936.00",
LRA 42 GUALEGUAYCHÚ,,,,,,http://www.radionacional.com.ar/category/lra-42-gualeguaychu/,Radio,,Entre Rios,,
LRA 43 NEUQUÉN,,,,,,http://www.radionacional.com.ar/category/lra-43-neuquen/,Radio,,Neuquen,"3,260.00",
LRA 5 ROSARIO,,,,,,http://www.radionacional.com.ar/category/lra-5-rosario/,Radio,,Rosario,"8,208.00",
LRA 51 JACHAL,,,,,,http://www.radionacional.com.ar/category/lra-51-jachal/,Radio,,San Juan,,
LRA 52 CHOS MALAL,,,,,,http://www.radionacional.com.ar/category/lra-52-chos-malal/,Radio,,Neuquen,"3,240.00",
LRA 53 SAN MARTÍN DE LOS ANDES,,,,,,http://www.radionacional.com.ar/category/lra-53-san-martin-de-los-andes/,Radio,,Neuquen,,
LRA 54 ING. JACOBACCI,,,,,,http://www.radionacional.com.ar/category/lra-54-ing-jacobacci/,Radio,,Rio Negro,"2,960.00",
LRA 56 PERITO MORENO,,,,,,http://www.radionacional.com.ar/category/lra-56-perito-moreno/,Radio,,Santa Cruz,"3,810.00",
LRA 59 GOB. GREGORES,,,,,,http://www.radionacional.com.ar/category/lra-59-gob-gregores/,Radio,,Santa Cruz,"3,870.00",
LRA 6 MENDOZA,,,,,,http://www.radionacional.com.ar/category/lra-6-mendoza/,Radio,,Mendoza,"19,740.00",
LRA 7 CÓRDOBA,,,,,,http://www.radionacional.com.ar/category/lra-7-cordoba/,Radio,,Cordoba,"4,752.00",
LRA 8 FORMOSA,,,,,,http://www.radionacional.com.ar/category/lra-8-formosa/,Radio,,Formosa,"7,060.00",
LT 12 GRL. MADARIAGA. PASO DE LOS LIBRES,,,,,,http://www.radionacional.com.ar/category/lt-12-gral-madariaga/,Radio,,Corrientes,"3,298.68",
LT10 AM 1020,"9 de Julio 3560, Santa Fe",,,,publicidad@radiounl.com.ar,https://www.lt10.com.ar/,Radio,,Santa Fe,,
lt10.com.ar,"9 de Julio 3560, Santa Fe",,,,publicidad@radiounl.com.ar,https://www.lt10.com.ar/,Portal,,Santa Fe,,
LT15 Radio Del Litoral,,,,,,,,,,,
LT39NOTICIAS.COM.AR,,,,,,,,,,,
LU6 Radio Atlántica,"Córdoba 1863/5, Mar del Plata",,,0223-4947825,,http://www.lu6.com.ar/,Radio,,Mar del Plata,,
LU9 Radio Mar del Plata,"H. Yrigoyen 2641, Mar del Plata",,,0223-494-1039/40,,http://www.lu9mardelplata.com.ar/,Radio,,Mar del Plata,,
Lugares,"Av. Del Libertador 101, Vicente López",,,,,http://www.revistalugares.com.ar/,Revista,,Todo el pais,,
Luna,,,,,,,,,Discontinuado,,
Luna Teen,"California 2715, CABA",,,,,http://lunateen.com.ar/,Revista,,,,
Luz,"California 2715, CABA",,,,,http://luz.perfil.com/,Revista,,,"535,670.00",
LV 19 MALARGÜE,,,,,,http://www.radionacional.com.ar/category/lv-19-malargue/,Radio,,Mendoza,"2,912.70",
LV 8 LIBERTADOR. MENDOZA,,,,,,http://www.radionacional.com.ar/category/lv-8-libertador-mendoza/,Radio,,Mendoza,"5,835.00",
LV12 Online &#8211; La Radio Líder De Tucumán,"Laprida 530 San Miguel De Tucumán, Tucuman",,,0381-4845100,contacto@lv12.com.ar,http://www.lv12.com.ar/,Radio,,Tucumán,,
LW5 Radio Libertador General San Martin,"Dr. Horacio Guzmán 496, Bº Mariano Moreno",,,(0388) 4230035,,comercial@radiovisionjujuy.com.ar,,,Jujuy,,
LW8 AM 630 Radio San Salvador,"Dr. Horacio Guzmán 496, Bº Mariano Moreno",,,(0388) 4230035,,comercial@radiovisionjujuy.com.ar,,,Jujuy,,
Magallanes Media,Magallanes 1346,,,,editor@magallanesmedia.com.ar,http://www.magallanesmedia.com.ar/,Editora Web,,,,
Manualidades,Magallanes 1346,,,,editor@magallanesmedia.com.ar,,Revista,,Discontinuado,,
Maru,"Av. Del Libertador 101, Vicente López",,,,,,Revista,,Discontinuado,,
Masoportunidades.com,,,,,,,,,Discontinuado,,
Max,,,,,,,TV Paga,,,,
Max prime,,,,,,,TV Paga,,,,
Max up,,,,,,,TV Paga,,,,
Maxim,"Azopardo 565, CABA",,,,,http://www.maximmexico.com/,Revista,,Discontinuado,,
MDZOL.COM,"Arístides Villanueva 444, Mendoza",,,,contacto@mdzol.com,https://www.mdzol.com,Portal,,Nacional,"633,000.00",
Mens Health Latam,"Azopardo 565, CABA",,,,,http://www.menshealthlatam.com/,Revista,,,,
Metro 95.1,Freire 932,,,,,http://www.metro951.com,Radio,,,"3,731,371.27",
Metro Bariloche,F. P. Moreno 476 4to. Piso Depto. E,,,,,,Radio,,,,
Metro Live,Freire 932,,,,,http://www.metrolive.com/,Organización de Eventos,,,,
Mi Bebé,Magallanes 1346,,,,editor@magallanesmedia.com.ar,http://www.mibebe.com.ar/,Revista,,,,
Mía,"California 2715, CABA",,,,,http://mia.perfil.com/,Revista,,,,
Mía radio,,,,,Radio,"Fader 3469, Cerro Las Rosas, Córdoba",,,http://miafm.cienradios.com/,,
Minuto Uno,Córdoba 657 8vo. Piso y Olleros 3555,,,4372-1836,,https://www.minutouno.com/,Portal,,,"682,000.00",
Mis Tortas Decoradas,Magallanes 1346,,,,editor@magallanesmedia.com.ar,,Revista,,Discontinuado,,
Mitre Bahía Blanca,,,,,,https://radiomitre.cienradios.com/,Radio,,,,
Mitre CBA,"Fader 3469, Cerro Las Rosas, Córdoba",,,,,https://radiomitre.cienradios.com/mitre-cordoba/,Radio,,,,
Mitre MZA,,,,,,https://radiomitre.cienradios.com/mitre-mendoza/,Radio,,,,
Mitre Santa Fé,"Santiago del Estero 2318, Santa Fé",,,,,https://radiomitre.cienradios.com/,Radio,,,,
Mitre Tucumán,,,,,,https://radiomitre.cienradios.com/,Radio,,,,
Mix 5411,,,,,,https://www.infobae.com/mix5411/,,,,,
Montecristo,,,,,,,,,,,
Motores Argentinos,"Diagonal 80 N° 815, La Plata",,,,,http://www.motoresargentinos.com/autos/default.aspx,Portal,,La Plata,,
Mr. Sale,Colonia 170,,,,,http://www.mrsale.com.ar/,Portal E-Commerce,,,,
MTV,"Godoy Cruz 1550, CABA",,,,,http://www.mtvla.com/ar/,TV Paga SD/HD,,,,
MTV Dance,"Godoy Cruz 1550, CABA",,,,,http://www.mtv.com/,TV Paga SD/HD,,,,
MTV Hits,"Godoy Cruz 1550, CABA",,,,,http://www.mtv.com/,TV Paga SD/HD,,,,
Mublet,,,,,,,,,Discontinuado,,
Much Music,"Defensa 599 2ndo piso (1065), CABA",,,17 4318-3100,Carina.Risso@turner.com,http://muchla.com/,TV Paga,,Todo el país,,
Mujer Única,Magallanes 1346,,,,editor@magallanesmedia.com.ar,,Revista,,Discontinuado,,
Mundo D,"Av. La Voz del Interior 6020, Camino a Pajas Blancas, Córdoba",,,,,http://mundod.lavoz.com.ar/,Suplemento,,,,
Mundo Gaturro,"Maipú 942 8vo, 15to. y 18vo. Piso",,,,,http://www.mundogaturro.com/,Portal,,,,
Mundo Motor,,,,,,,Suplemento semanal,45000 ejemplares,Buenos Aires,,
Mundo Poder,,,,,info@mundopoder.com,http://www.mundopoder.com/,Portal,,,,
Music Top,Suipacha 414 2do. Piso,,,,,www.diario26.com/musictop,TV paga,,CABA / GBA,,
Muy,,,,,,,,,Discontinuado,,
Muy Interesante,"Azopardo 565, CABA",,,,,http://www.muyinteresante.com.mx/,Revista,,,,
Nat Geo Kids,"Azopardo 565, CABA",,,,,http://www.ngenespanol.com/,Revista,,,,
Nat Geo Kids,Honduras 5517,,,4103-1100,,https://foxplay.com,TV Paga,,Nacional,,
Nat Geo Traveller,"Azopardo 565, CABA",,,,,http://www.ngenespanol.com/,Revista,,,,
Nat Geo Traveller,Honduras 5517,,,4103-1100,,https://foxplay.com,TV Paga,,Nacional,,
Nat Geo Wild,Honduras 5517,,,4103-1100,,https://foxplay.com,TV Paga,,Nacional,,
National Geographic,"Azopardo 565, CABA",,,,,http://www.ngenespanol.com/,Revista,,,,
National Geographic,Honduras 5517,,,4103-1100,,https://foxplay.com,TV Paga,,Nacional,,
NE Notiexpress,,,,,,http://www.notiexpress.com.ar,Portal,,Nacional,,
Neo,"California 2715, CABA",,,,,,,,Discontinuada,,
NH Gran Hotel Provincial,"Blv. Peralta Ramos 2650, Mar del Plata",,,,,http://www.granhotelprovincial.net/,Hotel 5 Estrellas,,Mar del Plata,,
Nick 2,"Godoy Cruz 1550, CABA",,,,,http://ar.mundonick.com/,TV Paga HD,,,,
Nick Jr.,"Godoy Cruz 1550, CABA",,,,,http://ar.mundonick.com/,TV Paga SD,,,,
Nick Toons,"Godoy Cruz 1550, CABA",,,,,http://ar.mundonick.com/,TV Paga SD,,,,
Nickelodeon,"Godoy Cruz 1550, CABA",,,,,http://www.mundonick.com/,TV Paga SD/HD,,,,
Nimbuzz AR,,,,,,,,,Discontinuado,,
Noche Polar,"Sarmiento 569 1ro., Cdoro. Rivadavia, Chubut",,,,,http://www.nochepolar.com.ar/,Revista,,,,
Notibonaerense.com,"Diagonal 80 N° 815, La Plata",,,,,https://www.eldia.com/seccion/la-provincia,Portal,,Discontinuado,,
Noticias,"California 2715, CABA",,,,,http://noticias.perfil.com/,Revista,,,"1,728,441.00",
Noticias (Pehuajó),,,,,,,Diario,,Pehuajo,,
Noticias Argentinas,"Moreno 769 3er piso, CABA",,,4331-3951,administracion@noticiasargentinas.com,http://www.noticiasargentinas.com.ar,Agencia de noticias,,,"60,000.00",
Nova Mix,"Fader 3469, Cerro Las Rosas, Córdoba",,,,,https://ar.cienradios.com/player/nova_mix/,Radio,,,,
Nuestra Radio [FM 102.3],Miguel de Mojica 1600,,,4105000,,http://www.cba24n.com.ar/streamam.html,Radio,,Cordoba,,
Nueva Era (Tandil),,,,,,,Diario,,Tandil,,
Nueva Terminal MDP,"San Juan 1473, Mar del Plata",,,,lanuevaterminal@gmail.com,http://www.nuevaterminalmardel.com.ar/,Terminal de Ómnibus y Trenes,,Mar del Plata,,
Oh LALÁ!,"Av. Del Libertador 101, Vicente López",,,,,http://www.revistaohlala.com/,Revista,,Todo el pais,,
Olé,"Piedras 1743, CABA",,,,,https://www.ole.com.ar/,Diario,,,"595,000.00",
ONE TV,"Olleros 3555, CABA",,,,,,TV Paga/TDT,,,,
Ovación,,,,,,,,,,,
Página/12,"Solís 1525, CABA",,,,,https://www.pagina12.com.ar/,Diario,,Todo el pais,,
Pakapaka,,,,,,http://www.pakapaka.gob.ar/,Television,,,,
Pampa,,,,,Estudios de Televisión,"Santiago del Estero 1450, Martinez",,,,,
Paparazzi,"Azopardo 565, CABA",,,,,http://www.paparazzi.com.ar/,Revista,Venta 70k/semana - 280.000 Lectores,,,
Paparazzi.com.ar,"Azopardo 565, CABA",,,,,http://www.paparazzi.com.ar/,Web,Páginas vistas por día: 100.000 / Visitantes únicos por día: 15.000,,,
Para Teens,"Azopardo 565, CABA",,,,,,Revista,Venta 70k/mensual - 350.000 Lectores,,,
Para Tí,"Azopardo 565, CABA",,,,,,Revista,Venta 45k/semana - 185.000 Lectores,,,
Para Tí Deco,"Azopardo 565, CABA",,,,,,Revista,Venta 60k/bimensual - 240.000 Lectores,,,
Para Tí Mamá,"Azopardo 565, CABA",,,,,,Revista,Venta 30k/bimensual,,,
Parabrisas,"California 2715, CABA",,,,,http://parabrisas.perfil.com/,Revista,,,,
Paramount Channel,"Godoy Cruz 1550, CABA",,,,,http://www.paramountchannel.la/,TV Paga SD/HD,,,,
Parati.com.ar,"Azopardo 565, CABA",,,,,https://www.infobae.com/parati/,,Páginas vistas por día: 10.000 / Visitantes únicos por día: 2.000,,,
Paratimama.com.ar,"Azopardo 565, CABA",,,,,https://www.infobae.com/parati/,Web,Páginas vistas por día: 5.200 / Visitantes únicos por día: 1.500,,,
Paseo Aldrey,"Sarmiento 2685, Mar del Plata",,,0223 451-8679,informes@paseoaldreycyc.com.ar,http://www.paseoaldrey.net/,Paseo de Compras,,Mar del Plata,,
Pc Magazine,"Azopardo 565, CABA",,,,,,Revista,,,,
Perfil FM,"California 2715, CABA",,,,,,,,Transmision de prueba,,
Perfil Móvil,"California 2715, CABA",,,,,,Servicios WAP/SMS,,,,
Perfil TV,"California 2715, CABA",,,,,,,,Sin transmitir,,
Perfil.com,"California 2715, CABA",,,,,http://www.perfil.com/,,,,"2,956,475.00",
Pichuco,,,,,,,,,Discontinuado,,
Pin,"Venezuela 370, CABA",,,,,http://www.revistapin.com.ar/,Revista,,"CABA, GBA",,
Plan Deco,Magallanes 1346,,,,editor@magallanesmedia.com.ar,,Revista,,Discontinuado,,
PlayFútbol,Humboldt 1550,,,,,https://www.infobae.com/deportes/,,,Discontinuado,,
Popstar,Magallanes 1346,,,,editor@magallanesmedia.com.ar,http://www.popstar.com.ar/,Revista,,,,
Popular Mechanics,"Azopardo 565, CABA",,,,,,Revista,,Discontinuado,,
Portal 140,"California 2715, CABA",,,,,http://140.perfil.com/,Portal,,,,
Portal 442,"California 2715, CABA",,,,,http://442.perfil.com/,Portal,,,,
PPT &#8211; Pensado para Televisión SA,Virrey Loreto 2899,,,,,http://www.pensadoparatv.com.ar/,Productora Audiovisual,,,,
Premium,Magallanes 1346,,,,editor@magallanesmedia.com.ar,,Revista,,Discontinuado,,
Primera Fila,,,,,,,,,,,
Primicias Ya,,,,,,,,,,,
Pronto,Magallanes 1346,,,,editor@magallanesmedia.com.ar,http://www.pronto.com.ar/,Revista,,,,
Psicología (+),Costa Rica 5639,,,,,,Revista,,,,
Publicaciones Publiexpress,Magallanes 1346,,,,editor@magallanesmedia.com.ar,http://www.publiexpress.com.ar/,Editora,,,,
Publicaciones Utilisíma,"Azopardo 565, CABA",,,,,,Revista,,,,
Pulso Urbano,Freire 948,,,,,http://www.pulsourbano.com.ar/,Portal,,,,
QB9,,,,info@qb9.net,Desarrollo de Juegos,Colonia 170,,,http://www.qb9.net/,,
Quiero Música en mi Idioma,"Cochabamba 1153, CABA",,,,,http://www.qmusica.tv/,TV Paga SD/HD,,,,
Quilmes Presente,"Diagonal 80 N° 815, La Plata",,,,,http://www.quilmespresente.com/,Portal,,Nacional,,
Radio 95 Siete,,,,,,,,,,,
Radio AM 1560 Tandil,"Av. del Valle 1202, Tandil",,,02993-44-2144,,https://www.lavozdetandil.com.ar/,Radio,,Tandil,,
Radio América/ Perfil,"California 2715, CABA",,,,,,Radio,,Sin transmitir,,
Radio Andina (FM 104.5),Comandante Salas 200,,,San Rafael,Mendoza,http://www.radioandina.com.ar/,,,,"40,500.00",
Radio Calingasta,,,,,,,,,,,
Radio del Plata,,,,,,,,,,,
Radio FMQ,"Yrigoyen 619 1ºJ, CABA",,,42541541,info@radiofmq.com,http://www.radiofmq.com,Radio,,"CABA, GBA",,
Radio Latina,Suipacha 414 3er. Piso,,,6380 3320,comercial@latina101.com.ar,www.latina101.com.ar/,Radio,,CABA / GBA,,
Radio Malena,"Venezuela 370 2do. Piso, CABA",,,,,http://radiomalena.com/,Radio,,"CABA, GBA",,
Radio Mitre,"Mansilla 2668, CABA",,,,,http://www.radiomitre.com.ar/,Radio,,,,
Radio Nihuil,,,,,,,,,,,
Radio Panorama,"Misiones 541, Santiago del Estero",,,(0385) 421-1911,,http://www.radiopanorama.com.ar/,Radio,,,,
Radio Popular,,,,,,,,,,,
Radio Seis,"Ruta Nacional 237 Km. 1638, Bariloche, Río Negro",,,,,https://www.bariloche2000.com/,Radio,,,,
Radio UNO FM 103.1,ARENALES 2467,,,52399622,info@radiouno.com.ar,http://www.radiouno.com.ar/,Radio,,"CABA, GBA","191,000.00",
Radio Victoria,,,,,,,,,,,
Radio X,"Mansilla 2668, CABA",,,,,https://ar.cienradios.com/player/radio_x/,Radio,,,,
RAE,,,,,,http://www.radionacional.com.ar/rae-argentina-al-mundo/,Radio,,Nacional,,
Rating Cero,Córdoba 657 8vo. Piso y Olleros 3555,,,4372-1836,,https://www.ratingcero.com/,Portal,,,,
Revista Ahora,,,,,,,,,Discontinuado,,
Revista Ahora Mamá,"Av. Del Libertador 101, Vicente López",,,,,http://www.ahoramama.com.ar/,Revista,,Todo el pais,,
Revista el Gourmet,,,,,,,,,Discontinuado,,
Revista La Nación,,,,,,,Revista,,,"798,614.10",
Revista Ñ,"Piedras 1743, CABA",,,,,https://www.clarin.com/revista-enie/,Revista,,,,
REVISTA NUEVA,,,,,,,,,,,
Revista Socios,"Sarmiento 569 1ro., Cdoro. Rivadavia, Chubut",,,,,,,,,,
revistasusana.com,"Av. Del Libertador 101, Vicente López",,,,,http://www.revistasusana.com/,Revista,,Todo el pais,,
RING,,,,,Ebanistas Y Talladores De Muebles Y Objetos De Arte,"Avenida Córdoba 1539, CABA",,,,,
ROCK,,,,,,,,,,,
Rock &#038; Pop,"Conde 935, Capital Federal",,,4535 7625,comercial@fmrockandpop.com,http://fmrockandpop.com/,Radio,,,"5,353,281.99",
Rock &#038; Pop ( Mar del Plata),,,,,,http://rockandpopmdp.com/,Radio,,,,
Rolling Stone (Argentina),"Av. Del Libertador 101, Vicente López",,,,,http://www.rollingstone.com.ar/,Revista,,Todo el pais,,
Rosario/12,"Solís 1525, CABA",,,,,https://www.pagina12.com.ar/suplementos/rosario12/05-03-2018,Diario,,Rosario,,
Rosario3.com,"Avda. Pte. J. D. Perón 8101, Rosario",,,341 457 5415,info@rosario3.com,https://www.rosario3.com/,Portal,,,"450,000.00",
Rouge,"California 2715, CABA",,,,,http://rouge.perfil.com/,Revista,,,,
Rumbos,Colonia 170,,,4943- 8700,info@cmimediosregionales.com.ar,http://www.cmimediosregionales.com.ar/rumbos.html,Revista,,,,
Saber Vivir,Magallanes 1346,,,,editor@magallanesmedia.com.ar,http://www.sabervivir.com.ar/,Revista,,,,
San Isidro Labrador FM 95.5,Av. Centenario 456 7mo. Piso,,,,,http://www.labrador955.com.ar/,Radio,,San Isidro,"214,750.00",
San Luis CTV,,,,,,,Televisión por cable,,,,
SANJUAN8.COM,,,,,,,,,,,
SCRUM.com,"Tomkinson 1750, San Isidro",,,,,http://www.scrum.com/,Portal,,,,
Semana,"California 2715, CABA",,,,,,,,Discontinuado,,
Semanario,"California 2715, CABA",,,,,http://semanario.perfil.com/,,,Discontinuado,,
Ser Padres Hoy,"Azopardo 565, CABA",,,,,http://www.serpadres.com/,Revista,,,,
Seventeen,"Azopardo 565, CABA",,,,,http://www.seventeen.com.ar/,Revista,,,,
Shop &#038; CO,"Piedras 1743, CABA",,,,,,Revista,,,,
Shop1.com,,,,,,,,,Dicontinuada,,
Si Música,Chile 760,,,,,,Productora de Eventos,,,,
SitioAndino.com.ar,"Peltier 10 - Ciudad de Mendoza, Argentina",,,54 (0261) 4059750,redaccion@sitioandino.com.ar,SitioAndino.com.ar,Portal,,Nacional,"225,000.00",
Sociedad y Poder,,,,,,,,,Discontinuado,,
SomosJujuy.com.ar,"Dr. Horacio Guzmán 496, Bº Mariano Moreno",,,(0388) 4230035,,comercial@radiovisionjujuy.com.ar,,,Jujuy,,
Sony,,,,,,,,,,,
Sony Spin,,,,,,,,,,,
Space,"Defensa 599 2ndo piso (1065), CABA",,,18 4318-3100,Carina.Risso@turner.com,http://www.spacego.tv/,TV Paga,,Todo el país,,
SRT Servicio de Radio y tv Universidad nacional de Córdoba,,,,,,,,,,,
Starphone,"Patagones 2847, CABA",,,,,http://www.starphone.com.ar/,Portal de E-Commerce,,Discontinuado,,
Studio,,,,,,,TV Paga,,,,
Studio HD,,,,,,,TV Paga,,,,
Super TC2000,"Tacuarí 1959, CABA",,,011-4363-0002,jbarreiro@auto-sports.com.ar,http://www.supertc2000.com.ar/,Productora de Eventos,,,,
Super TV Guía,Magallanes 1346,,,,editor@magallanesmedia.com.ar,,Revista,,Discontinuado,,
Supercampo,"California 2715, CABA",,,,,http://supercampo.perfil.com/,Revista,,,,
Supercanal (proveedor triple play Cuyo),,,,,,,,,,,
Supercanal BTC,,,,,,,,,,,
Syfy,,,,,,,TV Paga,,,,
T&#038;T,Balcarce 510,,,,,,Productora Audiovisual,,,,
Tango City,Colonia 170,,,,,http://www.tangocity.com/,Portal,,,,
Tanti/Cuyo,"Cuyo 1811, Martinez",,,,,,Estudios de Televisión,,,,
Tarjeta Sol,"Buenos Aires 270, Santiago del Estero",,,,,http://www.tarjetasol.com.ar/,Servicios Financieros y Tarjeta de Crédito,,,,
Tbs,"Defensa 599 2ndo piso (1065), CABA",,,19 4318-3100,Carina.Risso@turner.com,http://canaltbs.com/,TV Paga,,Todo el país,,
TC 2000,"Tacuarí 1959, CABA",,,011-4363-0002,jbarreiro@auto-sports.com.ar,http://www.tc2000.com.ar/,Productora de Eventos,,,,
TC Marketing SA,"Tacuarí 1959, CABA",,,011-4363-0002,jbarreiro@auto-sports.com.ar,http://www.tc2000.com.ar/,Productora de Eventos,,,,
TCM,"Defensa 599 2ndo piso (1065), CABA",,,26 4318-3100,Carina.Risso@turner.com,http://www.tcmla.com/,TV Paga,,Todo el país,,
Te Busco,,,,,,,,,Discontinuado,,
Tecnópolis,Av. Gral. Paz casi Constituyentes,,,,,http://www.tecnopolis.gob.ar/,,,,,
Telam,"Bolivar 531, CABA",,,4339 0300,,http://www.telam.com.ar/,Agencia de noticias,,,,
Telefe,"Fleming 1101 y Asunción 949, Martinez",,,,,http://telefe.com/,Señal TDA 34.1/TV Aire SD/HD,810000 personas/año,Todo el país,"51,446,490.80",
Telefe Interior,"Carlos Calvo 1530, CABA",,,,,http://telefe.com/,TV Paga,,Todo el pais,"800,000.00",
Telefe Internacional,"Carlos Calvo 1530, CABA",,,,,http://www.telefeinternacional.com.ar/,TV Paga / Venta de Programación y Formatos,,,,
telefenoticias.com.ar,,,,,,http://telefenoticias.com.ar/,Portal,,,,
Telemundo,,,,,,,TV Paga,,,,
Teleshow,Humboldt 1550,,,,,https://www.infobae.com/teleshow/,Portal,,,,
Televisión Digital Abierta 36.1,,,,,,,,,,,
Tendencia,Costa Rica 5639,,,,,https://www.infobae.com/tendencias/,Revista,,,,
The Economist Express,Magallanes 1346,,,,editor@magallanesmedia.com.ar,,Revista,,,,
TIC,"Independencia 446, Santiago del Estero",,,0810 8888 842,consultas@ticonline.com.ar,http://www.ticonline.com.ar/,Proveedor de TV Paga UHF,,Santiago del Estero,,
TIC Canal 14,"Independencia 446, Santiago del Estero",,,0810 8888 842,consultas@ticonline.com.ar,http://www.ticonline.com.ar/,TV Paga,,Santiago del Estero,,
Tiki Tiki,"Piedras 1743, CABA",,,,,https://www.ole.com.ar/revista-tiki-tiki/,Revista,,,,
Tintero,"San Martín 1049, Mendoza",,,,,http://www.tintero.com.ar/,Suplemento,,,,
Tipete,,,,,,,,,Discontinuado,,
Titear,,,,,,,,,Discontinuado,,
TKM,Costa Rica 5639,,,,info@mundotkm.com,http://www.mundotkm.com/,Revista,17.000.000 usuarios,,"720,300.00",
TLC,"Av. del Libertador 101, Vicente López",,,4000 4031,lucas_Puliani@discovery.com,,TV Paga,,Nacional,,
TLX Telemax,Suipacha 414 2do. Piso,,,,,www.diario26.com/telemax_en_vivo,Señal TDA 26.3/TV Paga SD/HD,,CABA / GBA,"10,397,331.20",
Tn Todo Noticias,"Lima 1261, CABA",,,,,http://www.tn.com.ar/,Señal TDA 33.3/TV Aire SD/HD,,,,
TNT,"Defensa 599 2ndo piso (1065), CABA",,,21 4318-3100,Carina.Risso@turner.com,http://www.tntla.com/ar/,TV Paga,,Todo el país,,
TNT Series,"Defensa 599 2ndo piso (1065), CABA",,,22 4318-3100,Carina.Risso@turner.com,www.tntla.com/series,TV Paga,,Todo el país,,
TNT Sports,"Defensa 599 2ndo piso (1065), CABA",,,23 4318-3100,Carina.Risso@turner.com,https://tntsportsla.com/,TV Paga,,Todo el país,"1,292,070.00",
Toda Pasión,Colonia 170,,,,,http://www.tn.com.ar/todapasion,Portal,,,,
Todo Viajes,"Piedras 1743, CABA",,,,,https://www.clarin.com/viajes/,Portal,,Discontinuado,,
Tomkinson Media Center,"Tomkinson 1750, San Isidro",,,,,,Estudios de Radio y Televisión,,,,
Tooncast,"Defensa 599 2ndo piso (1065), CABA",,,27 4318-3100,Carina.Risso@turner.com,http://www.tooncast.tv,TV Paga,,Todo el país,,
Top Ten,,,,,,,,,,,
Torneos,Balcarce 510,,,,,,Productora Audiovisual,,,,
Tranquera abierta,,,,,,,Suplemento semanal,35000 ejemplares,"Buenos Aires, Santa Fe y Cordoba",,
truTV,"Defensa 599 2ndo piso (1065), CABA",,,20 4318-3100,Carina.Risso@turner.com,http://www.trutvla.com/,TV Paga,,Todo el país,,
Tú,"Azopardo 565, CABA",,,,,http://www.turevista.com.ar/,Revista,,,,
TURBO,"Av. del Libertador 101, Vicente López",,,4000 4031,lucas_Puliani@discovery.com,,TV Paga,,Nacional,,
TV ANDINA,Comandante Salas 200,,,San Rafael,Mendoza,SitioAndino.com.ar,,,"San Rafael, Tunuyan, San Carlos, Tupungato, Malargüe","30,000.00",
TV Chile,Honduras 5517,,,4103-1100,,https://foxplay.com,TV Paga,,Nacional,,
TV Publica,AV. FIGUEROA ALCORTA 2977. (1425) CABA,,,4808-2500,PARTICIPACION@TVPUBLICA.COM.AR,www.tvpublica.com.ar/,Television,,Nacional,"10,602,200.00",
TV y Novelas,"Azopardo 565, CABA",,,,,http://www.tvynovelas.com,Revista,,Discontinuado,,
TVA CANAL 10 GENERAL ALVEAR,Comandante Salas 200,,,San Rafael,Mendoza,SitioAndino.com.ar,,,"San Rafael, Tunuyan, San Carlos, Tupungato, Malargüe","10,000.00",
TVA CANAL 4 SAN RAFAEL,Comandante Salas 200,,,San Rafael,Mendoza,SitioAndino.com.ar,TV Abierta,,San Rafael,"704,907.00",
TVEO,,,,,,,,,,,
TVEO,,"Lisandro de la Torre 150, Mendoza",,,TV Paga,,,,Mendoza,,
TVI Televisión Interactiva,,,,,,,,,Discontinuado,,
TVO &#8211; TELEVISION ORIENTADA,"Brandsen 339 , Formosa Capital",,,03717 473650,,,Television,,,,
TVS Television Selectiva,"Calle 48 1280, La Plata",,,,,,TV Paga,,Fusionado con Cablevision,,
TYC 2/ Señal Alternativa,,,,,,,,,Discontinuado,,
TYC MAX,,,,,,,,,Discontinuado,,
TYC Max,,,,,,,,,Discontinuado,,
TYC Sports,San Juan 1130/2,,,,,http://www.tycsports.com/,TV Paga SD/HD,8.060.000 Hogares Argentina,Nacional,"3,361,563.60",
TYC Sports 2,,,,,,,,,Discontinuado,,
Ubbi,Colonia 170,,,,,https://www.ubbi.com.ar/,Servicios WAP/SMS,,,,
UMET,"Sarmiento 2099, CABA",,,,,http://www.umet.edu.ar/,Universidad,,,,
Un Mundo Mejor,,,,,,,Revista,,Discontinuado,,
Una,,,,,,,,,,,
Única Mamá,Magallanes 1346,,,,editor@magallanesmedia.com.ar,,Revista,,Discontinuado,,
Unión Pel,"Av. de los Constituyentes 2000, Pacheco",,,3977 3400,o.echavarria@unionpel.com.ar,www.unionpel.com.ar/,Papelera,,,,
Universal Channel,,,,,,,TV Paga,,,,
Universal Channel HD,,,,,,,TV Paga,,,,
Uno Entre Ríos,,,,,,,,,,,
Uno Mendoza,,,,,,,,,,,
Uno Mismo,Magallanes 1346,,,,editor@magallanesmedia.com.ar,http://www.unomismo.com.ar/,Revista,,,,
Uno San Rafael,,,,,,,,,,,
UNO Santa Fé (discontinuado como diario),,,,,,,,,Discontinuado,,
UNO.COM.AR,,,,,,,,,,,
Vancondorito,,,,,,,,,,,
Vanidades,"Azopardo 565, CABA",,,,,https://www.vanidades.com/,Revista,,,,
Veintitres &#8211; www.veintitres.com.ar,"Combate de los Pozos 639, CABA",,,5550-8600,cronicaweb@grupocronica.com.ar,https://www.veintitres.com.ar/,Revista / Portal,,Todo el pais,,
Vesvi,,,,,,,Portal de Streaming,,Discontinuado,,
VH1,"Godoy Cruz 1550, CABA",,,,,www.vh1la.com,TV Paga SD/HD,,,,
VH1 Classic,"Godoy Cruz 1550, CABA",,,,,http://www.vh1.com/,TV Paga SD,,,,
VH1 Mega Hits,"Godoy Cruz 1550, CABA",,,,,http://www.vh1.com/,TV Paga SD,,,,
Vi-Da Global,Costa Rica 5639,,,,,,Desarrolladora Web,,,,
Vía País,Av. Colonia 170,,,4943-8700,cmi@cmimediosdigitales.com.ar,https://viapais.com.ar/,Portal,,,,
Vía Resto,Colonia 170,,,,,http://www.viaresto.com/,Portal,,,,
Vía Rosario,Av. Colonia 170,,,4943- 8700,cmi@cmimediosdigitales.com.ar,https://viapais.com.ar/rosario/,Portal,,,,
Viacom Media Argentina Sociedad Anónima,,,,,,,,,,,
Viajes y Reservas,,,,,,,,,Discontinuadi,,
Vida y Salud,,,,,,,Suplemento quincenal,45000 ejemplares,Buenos Aires,,
VIMN The Americas &#8211; VIACOM INTERNATIONAL MEDIA NETWORKS THE AMERICAS,"Godoy Cruz 1550, CABA",,,,,,Distribuidora de TV Paga,,,,
Viva,"Piedras 1743, CABA",,,,,https://www.clarin.com/viva/,Revista,,,,
Viviendas La Plata,"Diagonal 80 N° 815, La Plata",,,,,http://viviendas.eldia.com.ar/,Portal,,La Plata,,
Vivir Bien,"Azopardo 565, CABA",,,,,,Revista,,,,
Vivir Mejor,Magallanes 1346,,,,editor@magallanesmedia.com.ar,,Revista,,Discontinuado,,
Volver,"Cochabamba 1153, CABA",,,,,http://www.volver.com.ar/,TV Paga SD,,,,
Vorterix Rock,Av. Federico Lacroze 3455,,,4966-8900,info@vorterix.com,http://www.vorterix.com/,Radio y Teatro,,,"1,759,898.51",
VOS,"Av. La Voz del Interior 6020, Camino a Pajas Blancas, Córdoba",,,,,http://vos.lavoz.com.ar/,Suplemento,,,,
VXV,,,,,,,,,Discontinuado,,
Warner Channel,Defensa 599,,,,Celina.Rossi@turner.com,http://www.warnerchannel.com/ar/,TV Paga,,Nacional,,
Warner TV HD,Defensa 599,,,,Celina.Rossi@turner.com,http://www.warnerchannel.com/ar/,TV Paga,,Nacional,,
Weekend,"California 2715, CABA",,,,,http://weekend.perfil.com/,Revista,,,,
Welcome,"Tte. Cnel. Perez 830 1er Piso Of. 5, San Martín de los Andes",,,,,https://www.welcomeargentina.com/,Portal,,,,
Wiki Mujer,Colonia 170,,,,,http://www.wikimujer.com/,Portal,,,,
Womans Health Latam,"Azopardo 565, CABA",,,,,http://www.womenshealthlatam.com/,Revista,,,,
Yoga+,Magallanes 1346,,,,editor@magallanesmedia.com.ar,http://www.revistayogamas.com.ar/,Revista,,,,
Mundo TKM,,,,,info@mundotkm.com,http://www.mundotkm.com,,,Latinoamérica ,,
ABC Mundial, Independencia 3665 ,Ciudad Autónoma de Buenos Aires,CABA,1166556192,abc@abcmundial.com,http://abcmundial.com/,Diario Web y Radio online ,,Nacional e Internacional,,
Diario El 9 de julio,Av. Vedia 198,9 de julio,Buenos Aires,(02317) 521052 y 611111,administracion@diarioel9dejulio.com.ar,http://www.diarioel9dejulio.com.ar,Diario impreso y digital,,Ciudad 9 de julio,,
Tiempo Judicial,Pasteur 644,Ciudad Autónoma de Buenos Aires,CABA,,contacto@tiempojudicial.com,http://www.tiempojudicial.com,Diario Digital,,,,
Aire Libre FM,Antártida Argentina 850,Río Grande,Tierra del Fuego,(02964) 422673,info@airelibre.com.ar,http://www.airelibre.com.ar/,,,,,
CuyoNoticias,José Federico Moreno 930,Mendoza,Mendoza,,info@cuyonoticias.com,http://www.cuyonoticias.com,Medio Digital,,Región de Cuyo,,
MSN Argentina,Bouchard 710 4º piso,Ciudad Autónoma de Buenos A,CABA,,,http://ar.msn.com/,Plataforma de contenidos digitales,,,,
Radio Turismo,Chaco 55,Río Ceballos,Córdoba,03543 450389,contacto@radioturismo.fm,http://www.radioturismo.fm/,,,,,
Campana Noticias,San Martín 451,Campana,Buenos Aires,,contacto@campananoticias.com,http://www.campananoticias.com,,,,,
Campana TV,San Martín 451,Campana,Buenos Aires,,contacto@campanateve.com.ar,http://www.campanateve.com.ar,,,,,
Radio +,9 de julio 1012,Campana,Buenos Aires,,contacto@masradio.com.ar, http://www.masradio.com.ar,,,,,
Periodismo365.com,,Presidencia Roque Sáenz Peña,Chaco,(0364) 154688085,periodismo365@gmail.com,http://www.periodismo365.com/,,,,,
Mendoza Post,,,Mendoza,54 261 425 0421 Int. 101 ,redaccion@mendozapost.com,http://www.mendozapost.com/,,,,,
Diario Vox,"Peatonal Sarmiento 250, 6° B ",Mendoza,Mendoza, (0261) 4299925 ,diariovp@gmail.com,http://diariovox.com.ar/,Diario online,,,,
MendoVoz,,Mendoza,Mendoza,4245878,redaccion@mendovoz.com.ar,http://www.mendovoz.com/,,,,,
Radio Metropolitana,"Colón 430, 8vo",Mendoza,Mendoza,5.42614E+11,marcos@metropolitana953.com,http://www.metropolitana953.com/,,,,,
Radio Cordillera,Garibaldi 7 Piso 9,Mendoza,Mendoza,261- 4295041,gustavoaudios@gmail.com,http://cordillera.fm/,,,,,
Olivos FM,Mitre 659 2° Piso N° 9/10,Mendoza,Mendoza,(261) 4239340,info@olivosfmza.com.ar,http://www.olivosfmza.com.ar,,,,,
Radio Infinita,Cayetano Silva Y América – 3º PISO,Godoy Cruz,Mendoza,(0261) 4273139 ,info@radioinfinita.com.ar,http://www.radioinfinita.com.ar/infinita/,,,,,
FM UTN 94.5,Rodríguez 273,Mendoza,Mendoza,261 5244547,radioutn@frm.utn.edu.ar,http://www.fmutn.com.ar/,,,,,
Más FM,9 de julio 2238,Santa Fe,Santa Fe,,masfm@masfm.com,http://www.masfm.com,Radio online,,,0,
EQS Notas,Sáenz Peña 918,Esquel,Chubut,2945657974,contacto@eqsnotas.com,http://www.eqsnotas.com,,,,,Medio nativo digital de noticias de la localidad de Esquel.
Cañuelas Noticias,Av. Libertad 1377,Cañuelas,Buenos Aires,2226 537984,canuelasnoticias@yahoo.com.ar,https://canuelasnoticias.com,,,,,
Revista RSALUD,Tte. Gral. Juan Domingo Perón 1479,Ciudad Autónoma de Buenos Aires,CABA,5238-1700,info@rsalud.com.ar,http://www.rsalud.com.ar,RSALUD es la plataforma de comunicación de la Fundación de Estudios para la Salud y la Seguridad Social (FESS).,,,,"Se trata de una revista bimestral sobre la responsabilidad social en salud y el medio ambiente.
Tiene 6 ediciones al año. La tirada de la edición impresa es de 5.000 ejemplares. La revista también se publica en versión digital.

RSALUD está dirigida a los sectores comprometidos con la responsabilidad social en salud y medio ambiente. El punto de distribución es el sector de la salud en general: hospitales, obras sociales, laboratorios, centros de salud, clínicas, sanatorios, prepagas, entre otras entidades. También se distribuye en empresas que trabajen en responsabilidad social empresaria (RSE). "
Portal Misiones,Andresito S/N,Montecarlo,Misiones, 54 9 (3751) 666610,contacto@portalmisiones.com,http://www.portalmisiones.com,,,Provincia de Misiones,,
La Opinión,Liniers 71,San Pedro,Buenos Aires,03329 420100,publicidad@laopinionsemanario.com.ar,https://www.laopinionsemanario.com.ar/,Medio Gráfico y Digital,,Zona Norte Provincia de Buenos Aires,, La Opinión es un medio gráfico y digital que lleva 25 años en la zona norte de la provincia de Buenos Aires.
La Noticia 1,Liniers 71,San Pedro,Buenos Aires,,liliberardi1@gmail.com,http://www.lanoticia1.com,,,,,"Portal de noticias con participación de periodistas de las ocho regiones electorales. Base de datos de los 135 municipios de la Provincia de Buenos Aires, sus funcionarios y las empresas radicadas en cada ciudad."
Diario Norte,Pellegrini 744,Resistencia,Chaco, (0362) 4451222,webchaco@diarionorte.com,http://www.diarionorte.com,Diario digital e impreso,,,,"Informe IVC mayo de 2018:
· Circulación neta pagada de lunes a viernes: 9.175
· Circulación neta pagada domingos: 24.616"
El Periódico del Norte,Av. Alem 312,Tafí Viejo,Tucumán,(0381) 492 14 39,info@elperiodicodelnorte.com,http://www.elperiodicodelnorte.com/,Periódico impreso y digital,,,,Nació en 2013 como un periódico impreso y luego en 2016 agregó la versión digital.
Radio Legislatura,Patricias Mendocinas 1135,Mendoza,Mendoza,261 4493824,radiolegislatura@gmail.com,http://www.legislaturamendoza.gob.ar/radio/,,,,,
